preamble,stimulus,item,category,rank,"score (sum, mean, [list)",params,model
A doll is a,toy.,doll,toy,1,"(-3.4563674926757812, -1.7281837463378906, [-3.4209938049316406, -0.035373687744140625])",109514298,bert-base-uncased
A top is a,toy.,top,toy,2,"(-9.453184127807617, -4.726592063903809, [-9.411113739013672, -0.04207038879394531])",109514298,bert-base-uncased
A jack-in-the-box is a,toy.,jack-in-the-box,toy,3,"(-2.9739131927490234, -1.4869565963745117, [-2.9502620697021484, -0.023651123046875])",109514298,bert-base-uncased
A toy soldier is a,toy.,toy soldier,toy,4,"(-0.31118106842041016, -0.15559053421020508, [-0.2782926559448242, -0.03288841247558594])",109514298,bert-base-uncased
A yo-yo is a,toy.,yo-yo,toy,5,"(-3.518202781677246, -1.759101390838623, [-3.4906129837036133, -0.027589797973632812])",109514298,bert-base-uncased
A block is a,toy.,block,toy,6,"(-10.332469940185547, -5.166234970092773, [-10.304300308227539, -0.028169631958007812])",109514298,bert-base-uncased
Marbles are,toys.,marbles,toy,7,"(-9.66090202331543, -4.830451011657715, [-9.503019332885742, -0.1578826904296875])",109514298,bert-base-uncased
A rattle is a,toy.,rattle,toy,8,"(-5.9613037109375, -2.98065185546875, [-5.934654235839844, -0.02664947509765625])",109514298,bert-base-uncased
A stuffed animal is a,toy.,stuffed animal,toy,9,"(-1.1247978210449219, -0.5623989105224609, [-1.096120834350586, -0.028676986694335938])",109514298,bert-base-uncased
A water pistol is a,toy.,water pistol,toy,10,"(-9.637162208557129, -4.8185811042785645, [-9.620285987854004, -0.016876220703125])",109514298,bert-base-uncased
A teddy bear is a,toy.,teddy bear,toy,11,"(-0.7776165008544922, -0.3888082504272461, [-0.7546577453613281, -0.022958755493164062])",109514298,bert-base-uncased
A rocking horse is a,toy.,rocking horse,toy,12,"(-5.315227508544922, -2.657613754272461, [-5.293796539306641, -0.02143096923828125])",109514298,bert-base-uncased
A doll house is a,toy.,doll house,toy,13,"(-2.3722190856933594, -1.1861095428466797, [-2.3483638763427734, -0.023855209350585938])",109514298,bert-base-uncased
A ball is a,toy.,ball,toy,14,"(-6.894625663757324, -3.447312831878662, [-6.857037544250488, -0.03758811950683594])",109514298,bert-base-uncased
Jacks are,toys.,jacks,toy,15,"(-6.07045316696167, -3.035226583480835, [-6.006875514984131, -0.06357765197753906])",109514298,bert-base-uncased
Paper dolls are,toys.,paper dolls,toy,16,"(-8.221845626831055, -4.110922813415527, [-8.188446044921875, -0.03339958190917969])",109514298,bert-base-uncased
An erector set is a,toy.,erector set,toy,17,"(-8.204157829284668, -4.102078914642334, [-8.17992877960205, -0.024229049682617188])",109514298,bert-base-uncased
A hula hoop is a,toy.,hula hoop,toy,18,"(-5.867962837219238, -2.933981418609619, [-5.849991798400879, -0.017971038818359375])",109514298,bert-base-uncased
A jump rope is a,toy.,jump rope,toy,19,"(-12.671555519104004, -6.335777759552002, [-12.652237892150879, -0.019317626953125])",109514298,bert-base-uncased
A pogo stick is a,toy.,pogo stick,toy,20,"(-4.315799713134766, -2.157899856567383, [-4.299932479858398, -0.015867233276367188])",109514298,bert-base-uncased
A clay is a,toy.,clay,toy,21,"(-11.234972953796387, -5.617486476898193, [-11.201905250549316, -0.03306770324707031])",109514298,bert-base-uncased
A wagon is a,toy.,wagon,toy,22,"(-8.624429702758789, -4.3122148513793945, [-8.598125457763672, -0.026304244995117188])",109514298,bert-base-uncased
A kite is a,toy.,kite,toy,23,"(-9.163578033447266, -4.581789016723633, [-9.141141891479492, -0.022436141967773438])",109514298,bert-base-uncased
A train is a,toy.,train,toy,24,"(-7.374701499938965, -3.6873507499694824, [-7.347947120666504, -0.026754379272460938])",109514298,bert-base-uncased
A tricycle is a,toy.,tricycle,toy,25,"(-8.71208381652832, -4.35604190826416, [-8.690954208374023, -0.021129608154296875])",109514298,bert-base-uncased
A coloring book is a,toy.,coloring book,toy,26,"(-3.766235828399658, -1.883117914199829, [-3.729454517364502, -0.03678131103515625])",109514298,bert-base-uncased
Crayons are,toys.,crayons,toy,27,"(-9.516117095947266, -4.758058547973633, [-9.489498138427734, -0.02661895751953125])",109514298,bert-base-uncased
A truck is a,toy.,truck,toy,28,"(-8.026793003082275, -4.013396501541138, [-7.995947360992432, -0.03084564208984375])",109514298,bert-base-uncased
A puzzle is a,toy.,puzzle,toy,29,"(-8.387340545654297, -4.193670272827148, [-8.356609344482422, -0.030731201171875])",109514298,bert-base-uncased
A fire engine is a,toy.,fire engine,toy,30,"(-8.39699935913086, -4.19849967956543, [-8.380270004272461, -0.016729354858398438])",109514298,bert-base-uncased
A balloon is a,toy.,balloon,toy,31,"(-6.077694892883301, -3.0388474464416504, [-6.053845405578613, -0.0238494873046875])",109514298,bert-base-uncased
Skates are,toys.,skates,toy,32,"(-11.268173217773438, -5.634086608886719, [-11.185022354125977, -0.08315086364746094])",109514298,bert-base-uncased
A baseball is a,toy.,baseball,toy,33,"(-7.303808212280273, -3.6519041061401367, [-7.272493362426758, -0.031314849853515625])",109514298,bert-base-uncased
A drum is a,toy.,drum,toy,34,"(-6.211132526397705, -3.1055662631988525, [-6.181040287017822, -0.030092239379882812])",109514298,bert-base-uncased
A football is a,toy.,football,toy,35,"(-7.176382541656494, -3.588191270828247, [-7.142771244049072, -0.033611297607421875])",109514298,bert-base-uncased
A game is a,toy.,game,toy,36,"(-8.52048110961914, -4.26024055480957, [-8.45528793334961, -0.06519317626953125])",109514298,bert-base-uncased
A swing is a,toy.,swing,toy,37,"(-7.685791015625, -3.8428955078125, [-7.658008575439453, -0.027782440185546875])",109514298,bert-base-uncased
A boat is a,toy.,boat,toy,38,"(-8.92287826538086, -4.46143913269043, [-8.890806198120117, -0.03207206726074219])",109514298,bert-base-uncased
A monopoly is a,toy.,monopoly,toy,39,"(-12.10397720336914, -6.05198860168457, [-12.073104858398438, -0.030872344970703125])",109514298,bert-base-uncased
A sled is a,toy.,sled,toy,40,"(-8.058858871459961, -4.0294294357299805, [-8.037897109985352, -0.020961761474609375])",109514298,bert-base-uncased
A seesaw is a,toy.,seesaw,toy,41,"(-6.199564456939697, -3.0997822284698486, [-6.178776264190674, -0.020788192749023438])",109514298,bert-base-uncased
Stilts are,toys.,stilts,toy,42,"(-9.903834342956543, -4.9519171714782715, [-9.774420738220215, -0.12941360473632812])",109514298,bert-base-uncased
Checkers are,toys.,checkers,toy,43,"(-11.47712516784668, -5.73856258392334, [-11.400226593017578, -0.07689857482910156])",109514298,bert-base-uncased
A bat is a,toy.,bat,toy,44,"(-7.8289361000061035, -3.9144680500030518, [-7.797459125518799, -0.03147697448730469])",109514298,bert-base-uncased
A car is a,toy.,car,toy,45,"(-7.319287300109863, -3.6596436500549316, [-7.28328800201416, -0.035999298095703125])",109514298,bert-base-uncased
An airplane is a,toy.,airplane,toy,46,"(-6.127624034881592, -3.063812017440796, [-6.101037502288818, -0.026586532592773438])",109514298,bert-base-uncased
A bicycle is a,toy.,bicycle,toy,47,"(-7.999719619750977, -3.9998598098754883, [-7.971536636352539, -0.0281829833984375])",109514298,bert-base-uncased
A tractor is a,toy.,tractor,toy,48,"(-8.003342628479004, -4.001671314239502, [-7.977799415588379, -0.025543212890625])",109514298,bert-base-uncased
A sandbox is a,toy.,sandbox,toy,49,"(-5.8741455078125, -2.93707275390625, [-5.855058670043945, -0.019086837768554688])",109514298,bert-base-uncased
A bike is a,toy.,bike,toy,50,"(-7.246587753295898, -3.623293876647949, [-7.212541580200195, -0.034046173095703125])",109514298,bert-base-uncased
A bow and arrow is a,toy.,bow and arrow,toy,51,"(-7.918687343597412, -3.959343671798706, [-7.893496990203857, -0.025190353393554688])",109514298,bert-base-uncased
A rope is a,toy.,rope,toy,52,"(-9.120758056640625, -4.5603790283203125, [-9.086381912231445, -0.03437614440917969])",109514298,bert-base-uncased
Dishes are,toys.,dishes,toy,53,"(-14.532835960388184, -7.266417980194092, [-14.317107200622559, -0.215728759765625])",109514298,bert-base-uncased
Cards are,toys.,cards,toy,54,"(-11.142919540405273, -5.571459770202637, [-11.045822143554688, -0.09709739685058594])",109514298,bert-base-uncased
A mitt is a,toy.,mitt,toy,55,"(-6.397613048553467, -3.1988065242767334, [-6.378077983856201, -0.019535064697265625])",109514298,bert-base-uncased
A horse is a,toy.,horse,toy,56,"(-9.601495742797852, -4.800747871398926, [-9.565555572509766, -0.03594017028808594])",109514298,bert-base-uncased
A gun is a,toy.,gun,toy,57,"(-7.660698890686035, -3.8303494453430176, [-7.619698524475098, -0.0410003662109375])",109514298,bert-base-uncased
Animals are,toys.,animals,toy,58,"(-8.925257682800293, -4.4626288414001465, [-8.828888893127441, -0.09636878967285156])",109514298,bert-base-uncased
A tennis racket is a,toy.,tennis racket,toy,59,"(-4.713627815246582, -2.356813907623291, [-4.69064998626709, -0.022977828979492188])",109514298,bert-base-uncased
Books are,toys.,books,toy,60,"(-8.541130065917969, -4.270565032958984, [-8.443143844604492, -0.09798622131347656])",109514298,bert-base-uncased
A robin is a,bird.,robin,bird,1,"(-1.232187271118164, -0.616093635559082, [-1.1535015106201172, -0.07868576049804688])",109514298,bert-base-uncased
A sparrow is a,bird.,sparrow,bird,2,"(-0.6834592819213867, -0.34172964096069336, [-0.6068181991577148, -0.07664108276367188])",109514298,bert-base-uncased
A bluejay is a,bird.,bluejay,bird,3,"(-1.7564773559570312, -0.8782386779785156, [-1.7197647094726562, -0.036712646484375])",109514298,bert-base-uncased
A bluebird is a,bird.,bluebird,bird,4,"(-0.14241886138916016, -0.07120943069458008, [-0.0769186019897461, -0.06550025939941406])",109514298,bert-base-uncased
A canary is a,bird.,canary,bird,5,"(-1.4863824844360352, -0.7431912422180176, [-1.4349088668823242, -0.05147361755371094])",109514298,bert-base-uncased
A blackbird is a,bird.,blackbird,bird,6,"(-0.1628103256225586, -0.0814051628112793, [-0.0964365005493164, -0.06637382507324219])",109514298,bert-base-uncased
A dove is a,bird.,dove,bird,7,"(-0.5489139556884766, -0.2744569778442383, [-0.48592376708984375, -0.06299018859863281])",109514298,bert-base-uncased
A lark is a,bird.,lark,bird,8,"(-3.1763553619384766, -1.5881776809692383, [-3.118753433227539, -0.0576019287109375])",109514298,bert-base-uncased
A swallow is a,bird.,swallow,bird,9,"(-5.291290283203125, -2.6456451416015625, [-5.231157302856445, -0.06013298034667969])",109514298,bert-base-uncased
A parakeet is a,bird.,parakeet,bird,10,"(-0.814056396484375, -0.4070281982421875, [-0.7617301940917969, -0.052326202392578125])",109514298,bert-base-uncased
An oriole is a,bird.,oriole,bird,11,"(-6.206119537353516, -3.103059768676758, [-6.167308807373047, -0.03881072998046875])",109514298,bert-base-uncased
A mockingbird is a,bird.,mockingbird,bird,12,"(-0.4074974060058594, -0.2037487030029297, [-0.3514080047607422, -0.05608940124511719])",109514298,bert-base-uncased
A redbird is a,bird.,redbird,bird,13,"(-0.16929149627685547, -0.08464574813842773, [-0.10772037506103516, -0.06157112121582031])",109514298,bert-base-uncased
A wren is a,bird.,wren,bird,14,"(-1.1375617980957031, -0.5687808990478516, [-1.0835704803466797, -0.05399131774902344])",109514298,bert-base-uncased
A finch is a,bird.,finch,bird,15,"(-0.7722396850585938, -0.3861198425292969, [-0.7080860137939453, -0.06415367126464844])",109514298,bert-base-uncased
A starling is a,bird.,starling,bird,16,"(-0.6439704895019531, -0.32198524475097656, [-0.6062259674072266, -0.03774452209472656])",109514298,bert-base-uncased
A cardinal is a,bird.,cardinal,bird,17,"(-7.244238376617432, -3.622119188308716, [-7.149288654327393, -0.09494972229003906])",109514298,bert-base-uncased
An eagle is a,bird.,eagle,bird,18,"(-0.5517263412475586, -0.2758631706237793, [-0.4969949722290039, -0.05473136901855469])",109514298,bert-base-uncased
A hummingbird is a,bird.,hummingbird,bird,19,"(-0.16759967803955078, -0.08379983901977539, [-0.12093067169189453, -0.04666900634765625])",109514298,bert-base-uncased
A seagull is a,bird.,seagull,bird,20,"(-0.44815826416015625, -0.22407913208007812, [-0.39989662170410156, -0.04826164245605469])",109514298,bert-base-uncased
A woodpecker is a,bird.,woodpecker,bird,21,"(-0.1791057586669922, -0.0895528793334961, [-0.11061668395996094, -0.06848907470703125])",109514298,bert-base-uncased
A pigeon is a,bird.,pigeon,bird,22,"(-2.4176254272460938, -1.2088127136230469, [-2.360675811767578, -0.056949615478515625])",109514298,bert-base-uncased
A thrush is a,bird.,thrush,bird,23,"(-0.5626792907714844, -0.2813396453857422, [-0.5211048126220703, -0.04157447814941406])",109514298,bert-base-uncased
A falcon is a,bird.,falcon,bird,24,"(-1.0384063720703125, -0.5192031860351562, [-0.9736728668212891, -0.06473350524902344])",109514298,bert-base-uncased
A crow is a,bird.,crow,bird,25,"(-0.564453125, -0.2822265625, [-0.5043067932128906, -0.060146331787109375])",109514298,bert-base-uncased
A hawk is a,bird.,hawk,bird,26,"(-0.7442436218261719, -0.37212181091308594, [-0.6788330078125, -0.06541061401367188])",109514298,bert-base-uncased
A raven is a,bird.,raven,bird,27,"(-1.2982196807861328, -0.6491098403930664, [-1.2300052642822266, -0.06821441650390625])",109514298,bert-base-uncased
A goldfinch is a,bird.,goldfinch,bird,28,"(-2.1353397369384766, -1.0676698684692383, [-2.0981674194335938, -0.03717231750488281])",109514298,bert-base-uncased
A parrot is a,bird.,parrot,bird,29,"(-0.3975696563720703, -0.19878482818603516, [-0.33982086181640625, -0.05774879455566406])",109514298,bert-base-uncased
A sandpiper is a,bird.,sandpiper,bird,30,"(-2.3311691284179688, -1.1655845642089844, [-2.2805519104003906, -0.050617218017578125])",109514298,bert-base-uncased
A pheasant is a,bird.,pheasant,bird,31,"(-0.7925996780395508, -0.3962998390197754, [-0.7405862808227539, -0.052013397216796875])",109514298,bert-base-uncased
A catbird is a,bird.,catbird,bird,32,"(-0.12002182006835938, -0.06001091003417969, [-0.06550025939941406, -0.05452156066894531])",109514298,bert-base-uncased
A crane is a,bird.,crane,bird,33,"(-8.051612854003906, -4.025806427001953, [-7.991977691650391, -0.059635162353515625])",109514298,bert-base-uncased
An albatross is a,bird.,albatross,bird,34,"(-0.3532886505126953, -0.17664432525634766, [-0.2940540313720703, -0.059234619140625])",109514298,bert-base-uncased
A condor is a,bird.,condor,bird,35,"(-0.9457874298095703, -0.47289371490478516, [-0.8948078155517578, -0.0509796142578125])",109514298,bert-base-uncased
A toucan is a,bird.,toucan,bird,36,"(-1.8823308944702148, -0.9411654472351074, [-1.8403005599975586, -0.04203033447265625])",109514298,bert-base-uncased
An owl is a,bird.,owl,bird,37,"(-0.22515106201171875, -0.11257553100585938, [-0.17315292358398438, -0.051998138427734375])",109514298,bert-base-uncased
A pelican is a,bird.,pelican,bird,38,"(-1.1937999725341797, -0.5968999862670898, [-1.1573028564453125, -0.03649711608886719])",109514298,bert-base-uncased
A goose is a,bird.,goose,bird,39,"(-2.6329517364501953, -1.3164758682250977, [-2.577413558959961, -0.055538177490234375])",109514298,bert-base-uncased
A vulture is a,bird.,vulture,bird,40,"(-0.5975971221923828, -0.2987985610961914, [-0.5396747589111328, -0.05792236328125])",109514298,bert-base-uncased
A stork is a,bird.,stork,bird,41,"(-1.752100944519043, -0.8760504722595215, [-1.709120750427246, -0.042980194091796875])",109514298,bert-base-uncased
A buzzard is a,bird.,buzzard,bird,42,"(-0.3373584747314453, -0.16867923736572266, [-0.30017852783203125, -0.03717994689941406])",109514298,bert-base-uncased
A swan is a,bird.,swan,bird,43,"(-2.0040206909179688, -1.0020103454589844, [-1.9417152404785156, -0.062305450439453125])",109514298,bert-base-uncased
A flamingo is a,bird.,flamingo,bird,44,"(-2.6138811111450195, -1.3069405555725098, [-2.574601173400879, -0.039279937744140625])",109514298,bert-base-uncased
A duck is a,bird.,duck,bird,45,"(-3.600889205932617, -1.8004446029663086, [-3.5445556640625, -0.05633354187011719])",109514298,bert-base-uncased
A peacock is a,bird.,peacock,bird,46,"(-0.5015535354614258, -0.2507767677307129, [-0.44854068756103516, -0.053012847900390625])",109514298,bert-base-uncased
An egret is a,bird.,egret,bird,47,"(-1.7419376373291016, -0.8709688186645508, [-1.6828136444091797, -0.059123992919921875])",109514298,bert-base-uncased
A chicken is a,bird.,chicken,bird,48,"(-2.9474029541015625, -1.4737014770507812, [-2.8957862854003906, -0.051616668701171875])",109514298,bert-base-uncased
A turkey is a,bird.,turkey,bird,49,"(-4.841880798339844, -2.420940399169922, [-4.779293060302734, -0.06258773803710938])",109514298,bert-base-uncased
An ostrich is a,bird.,ostrich,bird,50,"(-0.8762350082397461, -0.43811750411987305, [-0.829411506652832, -0.04682350158691406])",109514298,bert-base-uncased
A titmouse is a,bird.,titmouse,bird,51,"(-6.33096981048584, -3.16548490524292, [-6.274205207824707, -0.05676460266113281])",109514298,bert-base-uncased
An emu is a,bird.,emu,bird,52,"(-2.6884984970092773, -1.3442492485046387, [-2.6381940841674805, -0.050304412841796875])",109514298,bert-base-uncased
A penguin is a,bird.,penguin,bird,53,"(-2.1953811645507812, -1.0976905822753906, [-2.123746871948242, -0.07163429260253906])",109514298,bert-base-uncased
A bat is a,bird.,bat,bird,54,"(-4.420638084411621, -2.2103190422058105, [-4.332243919372559, -0.0883941650390625])",109514298,bert-base-uncased
Football is a,sport.,football,sport,1,"(-0.3829946517944336, -0.1914973258972168, [-0.27525997161865234, -0.10773468017578125])",109514298,bert-base-uncased
Baseball is a,sport.,baseball,sport,2,"(-0.5305395126342773, -0.26526975631713867, [-0.38285350799560547, -0.14768600463867188])",109514298,bert-base-uncased
Basketball is a,sport.,basketball,sport,3,"(-0.22665882110595703, -0.11332941055297852, [-0.1192922592163086, -0.10736656188964844])",109514298,bert-base-uncased
Tennis is a,sport.,tennis,sport,4,"(-0.5020637512207031, -0.25103187561035156, [-0.35358428955078125, -0.14847946166992188])",109514298,bert-base-uncased
Softball is a,sport.,softball,sport,5,"(-0.2931852340698242, -0.1465926170349121, [-0.13219356536865234, -0.16099166870117188])",109514298,bert-base-uncased
Canoeing is a,sport.,canoeing,sport,6,"(-0.2919168472290039, -0.14595842361450195, [-0.19225215911865234, -0.09966468811035156])",109514298,bert-base-uncased
Handball is a,sport.,handball,sport,7,"(-0.15168190002441406, -0.07584095001220703, [-0.04552650451660156, -0.1061553955078125])",109514298,bert-base-uncased
Rugby is a,sport.,rugby,sport,8,"(-0.1843700408935547, -0.09218502044677734, [-0.061859130859375, -0.12251091003417969])",109514298,bert-base-uncased
Hockey is a,sport.,hockey,sport,9,"(-0.30940723419189453, -0.15470361709594727, [-0.18757915496826172, -0.12182807922363281])",109514298,bert-base-uncased
Ice hockey is a,sport.,ice hockey,sport,10,"(-0.11439228057861328, -0.05719614028930664, [-0.03164386749267578, -0.0827484130859375])",109514298,bert-base-uncased
Swimming is a,sport.,swimming,sport,11,"(-0.4366483688354492, -0.2183241844177246, [-0.28882694244384766, -0.14782142639160156])",109514298,bert-base-uncased
Track is a,sport.,track,sport,12,"(-7.149394989013672, -3.574697494506836, [-6.973512649536133, -0.17588233947753906])",109514298,bert-base-uncased
Boxing is a,sport.,boxing,sport,13,"(-0.23924827575683594, -0.11962413787841797, [-0.11040687561035156, -0.12884140014648438])",109514298,bert-base-uncased
Volleyball is a,sport.,volleyball,sport,14,"(-0.1695413589477539, -0.08477067947387695, [-0.0887136459350586, -0.08082771301269531])",109514298,bert-base-uncased
Lacrosse is a,sport.,lacrosse,sport,15,"(-0.2879981994628906, -0.1439990997314453, [-0.1584625244140625, -0.12953567504882812])",109514298,bert-base-uncased
Skiing is a,sport.,skiing,sport,16,"(-0.5506858825683594, -0.2753429412841797, [-0.4228515625, -0.12783432006835938])",109514298,bert-base-uncased
Golf is a,sport.,golf,sport,17,"(-1.0439434051513672, -0.5219717025756836, [-0.8697280883789062, -0.17421531677246094])",109514298,bert-base-uncased
Polo is a,sport.,polo,sport,18,"(-4.526792049407959, -2.2633960247039795, [-4.365359783172607, -0.16143226623535156])",109514298,bert-base-uncased
Surfing is a,sport.,surfing,sport,19,"(-0.6236667633056641, -0.31183338165283203, [-0.4963226318359375, -0.12734413146972656])",109514298,bert-base-uncased
Wrestling is a,sport.,wrestling,sport,20,"(-0.17913532257080078, -0.08956766128540039, [-0.07834911346435547, -0.10078620910644531])",109514298,bert-base-uncased
Gymnastics is a,sport.,gymnastics,sport,21,"(-0.21357250213623047, -0.10678625106811523, [-0.12426280975341797, -0.0893096923828125])",109514298,bert-base-uncased
Cricket is a,sport.,cricket,sport,22,"(-0.6930465698242188, -0.3465232849121094, [-0.5652046203613281, -0.12784194946289062])",109514298,bert-base-uncased
Squash is a,sport.,squash,sport,23,"(-1.0008020401000977, -0.5004010200500488, [-0.8667764663696289, -0.13402557373046875])",109514298,bert-base-uncased
Badminton is a,sport.,badminton,sport,24,"(-0.19974422454833984, -0.09987211227416992, [-0.06270885467529297, -0.13703536987304688])",109514298,bert-base-uncased
Racing is a,sport.,racing,sport,25,"(-0.7524166107177734, -0.3762083053588867, [-0.5557346343994141, -0.19668197631835938])",109514298,bert-base-uncased
Pole vault is a,sport.,pole vault,sport,26,"(-0.21238231658935547, -0.10619115829467773, [-0.13997364044189453, -0.07240867614746094])",109514298,bert-base-uncased
Fencing is a,sport.,fencing,sport,27,"(-0.4686107635498047, -0.23430538177490234, [-0.3129234313964844, -0.1556873321533203])",109514298,bert-base-uncased
Bowling is a,sport.,bowling,sport,28,"(-0.6211471557617188, -0.3105735778808594, [-0.4678325653076172, -0.15331459045410156])",109514298,bert-base-uncased
Water skiing is a,sport.,water skiing,sport,29,"(-1.413008689880371, -0.7065043449401855, [-1.3612966537475586, -0.0517120361328125])",109514298,bert-base-uncased
Ice skating is a,sport.,ice skating,sport,30,"(-0.07170295715332031, -0.035851478576660156, [-0.010189056396484375, -0.06151390075683594])",109514298,bert-base-uncased
Jai alai is a,sport.,jai alai,sport,31,"(-8.92798137664795, -4.463990688323975, [-8.835736274719238, -0.09224510192871094])",109514298,bert-base-uncased
Skating is a,sport.,skating,sport,32,"(-0.18282604217529297, -0.09141302108764648, [-0.04230022430419922, -0.14052581787109375])",109514298,bert-base-uncased
Skindiving is a,sport.,skindiving,sport,33,"(-1.2378196716308594, -0.6189098358154297, [-1.12786865234375, -0.10995101928710938])",109514298,bert-base-uncased
Sailing is a,sport.,sailing,sport,34,"(-0.3854646682739258, -0.1927323341369629, [-0.25481319427490234, -0.13065147399902344])",109514298,bert-base-uncased
Diving is a,sport.,diving,sport,35,"(-0.6428747177124023, -0.32143735885620117, [-0.4579305648803711, -0.18494415283203125])",109514298,bert-base-uncased
Archery is a,sport.,archery,sport,36,"(-0.3934345245361328, -0.1967172622680664, [-0.23220443725585938, -0.16123008728027344])",109514298,bert-base-uncased
Judo is a,sport.,judo,sport,37,"(-0.3353433609008789, -0.16767168045043945, [-0.2556428909301758, -0.07970046997070312])",109514298,bert-base-uncased
Car racing is a,sport.,car racing,sport,38,"(-0.44741153717041016, -0.22370576858520508, [-0.31110095977783203, -0.13631057739257812])",109514298,bert-base-uncased
Ping pong is a,sport.,ping pong,sport,39,"(-1.7364139556884766, -0.8682069778442383, [-1.6578521728515625, -0.07856178283691406])",109514298,bert-base-uncased
Rowing is a,sport.,rowing,sport,40,"(-0.23484230041503906, -0.11742115020751953, [-0.07019233703613281, -0.16464996337890625])",109514298,bert-base-uncased
Fishing is a,sport.,fishing,sport,41,"(-1.6680946350097656, -0.8340473175048828, [-1.5512275695800781, -0.1168670654296875])",109514298,bert-base-uncased
Horseback riding is a,sport.,horseback riding,sport,42,"(-0.5578441619873047, -0.27892208099365234, [-0.46770477294921875, -0.09013938903808594])",109514298,bert-base-uncased
Running is a,sport.,running,sport,43,"(-1.1466398239135742, -0.5733199119567871, [-0.9662446975708008, -0.18039512634277344])",109514298,bert-base-uncased
Horse racing is a,sport.,horse racing,sport,44,"(-0.3265199661254883, -0.16325998306274414, [-0.19710636138916016, -0.12941360473632812])",109514298,bert-base-uncased
Hiking is a,sport.,hiking,sport,45,"(-2.4939966201782227, -1.2469983100891113, [-2.3399667739868164, -0.15402984619140625])",109514298,bert-base-uncased
Weight lifting is a,sport.,weight lifting,sport,46,"(-0.16120338439941406, -0.08060169219970703, [-0.05872917175292969, -0.10247421264648438])",109514298,bert-base-uncased
Croquet is a,sport.,croquet,sport,47,"(-4.629693508148193, -2.3148467540740967, [-4.516519069671631, -0.1131744384765625])",109514298,bert-base-uncased
Horseshoes is a,sport.,horseshoes,sport,48,"(-7.1448822021484375, -3.5724411010742188, [-7.001310348510742, -0.1435718536376953])",109514298,bert-base-uncased
Boating is a,sport.,boating,sport,49,"(-0.7670421600341797, -0.38352108001708984, [-0.5872230529785156, -0.17981910705566406])",109514298,bert-base-uncased
Pool is a,sport.,pool,sport,50,"(-2.6809659004211426, -1.3404829502105713, [-2.5241894721984863, -0.15677642822265625])",109514298,bert-base-uncased
Billiards is a,sport.,billiards,sport,51,"(-0.3826761245727539, -0.19133806228637695, [-0.2933073043823242, -0.08936882019042969])",109514298,bert-base-uncased
Hunting is a,sport.,hunting,sport,52,"(-1.1135797500610352, -0.5567898750305176, [-0.9675073623657227, -0.1460723876953125])",109514298,bert-base-uncased
Jump rope is a,sport.,jump rope,sport,53,"(-2.356870651245117, -1.1784353256225586, [-2.285104751586914, -0.07176589965820312])",109514298,bert-base-uncased
Camping is a,sport.,camping,sport,54,"(-2.6289100646972656, -1.3144550323486328, [-2.4594192504882812, -0.16949081420898438])",109514298,bert-base-uncased
Chess is a,sport.,chess,sport,55,"(-3.4652938842773438, -1.7326469421386719, [-3.358671188354492, -0.10662269592285156])",109514298,bert-base-uncased
Dancing is a,sport.,dancing,sport,56,"(-1.4012784957885742, -0.7006392478942871, [-1.285170555114746, -0.11610794067382812])",109514298,bert-base-uncased
Checkers is a,sport.,checkers,sport,57,"(-4.194490432739258, -2.097245216369629, [-4.069488525390625, -0.1250019073486328])",109514298,bert-base-uncased
Cards is a,sport.,cards,sport,58,"(-6.237678527832031, -3.1188392639160156, [-6.068906784057617, -0.16877174377441406])",109514298,bert-base-uncased
Sunbathing is a,sport.,sunbathing,sport,59,"(-0.8969869613647461, -0.44849348068237305, [-0.7991304397583008, -0.09785652160644531])",109514298,bert-base-uncased
Pea is a,vegetable.,pea,vegetable,1,"(-3.394340991973877, -1.6971704959869385, [-3.2767605781555176, -0.11758041381835938])",109514298,bert-base-uncased
Carrot is a,vegetable.,carrot,vegetable,2,"(-6.145171642303467, -3.0725858211517334, [-6.061137676239014, -0.08403396606445312])",109514298,bert-base-uncased
Green bean is a,vegetable.,green bean,vegetable,3,"(-3.328990936279297, -1.6644954681396484, [-3.2852916717529297, -0.04369926452636719])",109514298,bert-base-uncased
String bean is a,vegetable.,string bean,vegetable,4,"(-3.840813159942627, -1.9204065799713135, [-3.7826123237609863, -0.058200836181640625])",109514298,bert-base-uncased
Spinach is a,vegetable.,spinach,vegetable,5,"(-1.5736608505249023, -0.7868304252624512, [-1.4703683853149414, -0.10329246520996094])",109514298,bert-base-uncased
Broccoli is a,vegetable.,broccoli,vegetable,6,"(-3.607409954071045, -1.8037049770355225, [-3.527495861053467, -0.07991409301757812])",109514298,bert-base-uncased
Asparagus is a,vegetable.,asparagus,vegetable,7,"(-1.9766435623168945, -0.9883217811584473, [-1.880742073059082, -0.0959014892578125])",109514298,bert-base-uncased
Corn is a,vegetable.,corn,vegetable,8,"(-3.7792654037475586, -1.8896327018737793, [-3.580317497253418, -0.19894790649414062])",109514298,bert-base-uncased
Cauliflower is a,vegetable.,cauliflower,vegetable,9,"(-3.8993172645568848, -1.9496586322784424, [-3.846071720123291, -0.05324554443359375])",109514298,bert-base-uncased
Brussels sprouts are,vegetables.,brussels sprouts,vegetable,10,"(-9.262799263000488, -4.631399631500244, [-9.134539604187012, -0.12825965881347656])",109514298,bert-base-uncased
Squash is a,vegetable.,squash,vegetable,11,"(-7.650376796722412, -3.825188398361206, [-7.507064342498779, -0.1433124542236328])",109514298,bert-base-uncased
Lettuce is a,vegetable.,lettuce,vegetable,12,"(-1.6018238067626953, -0.8009119033813477, [-1.5005760192871094, -0.10124778747558594])",109514298,bert-base-uncased
Celery is a,vegetable.,celery,vegetable,13,"(-5.030609130859375, -2.5153045654296875, [-4.930452346801758, -0.10015678405761719])",109514298,bert-base-uncased
Cucumber is a,vegetable.,cucumber,vegetable,14,"(-3.0069589614868164, -1.5034794807434082, [-2.9458513259887695, -0.061107635498046875])",109514298,bert-base-uncased
Beet is a,vegetable.,beet,vegetable,15,"(-5.861263275146484, -2.930631637573242, [-5.756237030029297, -0.1050262451171875])",109514298,bert-base-uncased
Green is a,vegetable.,green,vegetable,16,"(-6.961254119873047, -3.4806270599365234, [-6.802257537841797, -0.15899658203125])",109514298,bert-base-uncased
Tomato is a,vegetable.,tomato,vegetable,17,"(-2.5245790481567383, -1.2622895240783691, [-2.4050111770629883, -0.11956787109375])",109514298,bert-base-uncased
Lima bean is a,vegetable.,lima bean,vegetable,18,"(-2.493311882019043, -1.2466559410095215, [-2.43717098236084, -0.056140899658203125])",109514298,bert-base-uncased
Artichoke is a,vegetable.,artichoke,vegetable,19,"(-5.423541069030762, -2.711770534515381, [-5.2899065017700195, -0.1336345672607422])",109514298,bert-base-uncased
Turnip is a,vegetable.,turnip,vegetable,20,"(-2.9652700424194336, -1.4826350212097168, [-2.884772300720215, -0.08049774169921875])",109514298,bert-base-uncased
Eggplant is a,vegetable.,eggplant,vegetable,21,"(-3.5733299255371094, -1.7866649627685547, [-3.5126991271972656, -0.06063079833984375])",109514298,bert-base-uncased
Romaine is a,vegetable.,romaine,vegetable,22,"(-8.484785079956055, -4.242392539978027, [-8.386823654174805, -0.09796142578125])",109514298,bert-base-uncased
Green pepper is a,vegetable.,green pepper,vegetable,23,"(-3.5157604217529297, -1.7578802108764648, [-3.4483909606933594, -0.06736946105957031])",109514298,bert-base-uncased
Okra is a,vegetable.,okra,vegetable,24,"(-7.3831915855407715, -3.6915957927703857, [-7.303321361541748, -0.07987022399902344])",109514298,bert-base-uncased
Radish is a,vegetable.,radish,vegetable,25,"(-6.441391944885254, -3.220695972442627, [-6.342099189758301, -0.09929275512695312])",109514298,bert-base-uncased
Onion is a,vegetable.,onion,vegetable,26,"(-2.614246368408203, -1.3071231842041016, [-2.4617443084716797, -0.15250205993652344])",109514298,bert-base-uncased
Bean is a,vegetable.,bean,vegetable,27,"(-8.698312759399414, -4.349156379699707, [-8.603918075561523, -0.09439468383789062])",109514298,bert-base-uncased
Green onion is a,vegetable.,green onion,vegetable,28,"(-2.8340635299682617, -1.4170317649841309, [-2.787234306335449, -0.0468292236328125])",109514298,bert-base-uncased
Potato is a,vegetable.,potato,vegetable,29,"(-2.94293212890625, -1.471466064453125, [-2.8743419647216797, -0.06859016418457031])",109514298,bert-base-uncased
Parsnip is a,vegetable.,parsnip,vegetable,30,"(-7.536843776702881, -3.7684218883514404, [-7.477281093597412, -0.05956268310546875])",109514298,bert-base-uncased
Turnip green is a,vegetable.,turnip green,vegetable,31,"(-4.7466816902160645, -2.3733408451080322, [-4.716270923614502, -0.0304107666015625])",109514298,bert-base-uncased
Collard is a,vegetable.,collard,vegetable,32,"(-9.567553520202637, -4.783776760101318, [-9.469103813171387, -0.09844970703125])",109514298,bert-base-uncased
Wax bean is a,vegetable.,wax bean,vegetable,33,"(-3.0368785858154297, -1.5184392929077148, [-2.994150161743164, -0.042728424072265625])",109514298,bert-base-uncased
Watercress is a,vegetable.,watercress,vegetable,34,"(-4.76534366607666, -2.38267183303833, [-4.686261177062988, -0.07908248901367188])",109514298,bert-base-uncased
Black eyed pea is a,vegetable.,black eyed pea,vegetable,35,"(-8.481348037719727, -4.240674018859863, [-8.43941879272461, -0.04192924499511719])",109514298,bert-base-uncased
Leek is a,vegetable.,leek,vegetable,36,"(-8.8253812789917, -4.41269063949585, [-8.755908012390137, -0.0694732666015625])",109514298,bert-base-uncased
Pepper is a,vegetable.,pepper,vegetable,37,"(-4.417657852172852, -2.208828926086426, [-4.223388671875, -0.19426918029785156])",109514298,bert-base-uncased
Sweet potato is a,vegetable.,sweet potato,vegetable,38,"(-2.8893585205078125, -1.4446792602539062, [-2.832487106323242, -0.05687141418457031])",109514298,bert-base-uncased
Yam is a,vegetable.,yam,vegetable,39,"(-7.8057475090026855, -3.9028737545013428, [-7.74805212020874, -0.05769538879394531])",109514298,bert-base-uncased
Parsley is a,vegetable.,parsley,vegetable,40,"(-5.904178619384766, -2.952089309692383, [-5.796903610229492, -0.10727500915527344])",109514298,bert-base-uncased
Endive is a,vegetable.,endive,vegetable,41,"(-9.148336410522461, -4.5741682052612305, [-9.05447769165039, -0.09385871887207031])",109514298,bert-base-uncased
Rutabaga is a,vegetable.,rutabaga,vegetable,42,"(-5.223155498504639, -2.6115777492523193, [-5.167972087860107, -0.05518341064453125])",109514298,bert-base-uncased
Mushroom is a,vegetable.,mushroom,vegetable,43,"(-4.454023838043213, -2.2270119190216064, [-4.3258957862854, -0.1281280517578125])",109514298,bert-base-uncased
Avocado is a,vegetable.,avocado,vegetable,44,"(-5.340730667114258, -2.670365333557129, [-5.292490005493164, -0.04824066162109375])",109514298,bert-base-uncased
Rhubarb is a,vegetable.,rhubarb,vegetable,45,"(-6.0535712242126465, -3.0267856121063232, [-5.966884136199951, -0.08668708801269531])",109514298,bert-base-uncased
Kale is a,vegetable.,kale,vegetable,46,"(-7.9120564460754395, -3.9560282230377197, [-7.8477959632873535, -0.06426048278808594])",109514298,bert-base-uncased
Escarole is a,vegetable.,escarole,vegetable,47,"(-9.213602066040039, -4.6068010330200195, [-9.150640487670898, -0.06296157836914062])",109514298,bert-base-uncased
Sauerkraut is a,vegetable.,sauerkraut,vegetable,48,"(-6.492369651794434, -3.246184825897217, [-6.4087018966674805, -0.08366775512695312])",109514298,bert-base-uncased
Pickle is a,vegetable.,pickle,vegetable,49,"(-6.381062030792236, -3.190531015396118, [-6.327955722808838, -0.05310630798339844])",109514298,bert-base-uncased
Baked bean is a,vegetable.,baked bean,vegetable,50,"(-4.549953460693359, -2.2749767303466797, [-4.47386360168457, -0.07608985900878906])",109514298,bert-base-uncased
Pumpkin is a,vegetable.,pumpkin,vegetable,51,"(-5.410717487335205, -2.7053587436676025, [-5.295065402984619, -0.11565208435058594])",109514298,bert-base-uncased
Seaweed is a,vegetable.,seaweed,vegetable,52,"(-3.369121551513672, -1.684560775756836, [-3.269266128540039, -0.09985542297363281])",109514298,bert-base-uncased
Garlic is a,vegetable.,garlic,vegetable,53,"(-3.100813865661621, -1.5504069328308105, [-2.937300682067871, -0.16351318359375])",109514298,bert-base-uncased
Dandelion is a,vegetable.,dandelion,vegetable,54,"(-6.319583892822266, -3.159791946411133, [-6.252265930175781, -0.06731796264648438])",109514298,bert-base-uncased
Peanut is a,vegetable.,peanut,vegetable,55,"(-3.316187858581543, -1.6580939292907715, [-3.2154111862182617, -0.10077667236328125])",109514298,bert-base-uncased
Rice is a,vegetable.,rice,vegetable,56,"(-2.4585580825805664, -1.2292790412902832, [-2.3597536087036133, -0.09880447387695312])",109514298,bert-base-uncased
A saw is a,tool.,saw,tool,1,"(-1.926095962524414, -0.963047981262207, [-1.8381309509277344, -0.08796501159667969])",109514298,bert-base-uncased
A hammer is a,tool.,hammer,tool,2,"(-1.1771974563598633, -0.5885987281799316, [-1.1226797103881836, -0.05451774597167969])",109514298,bert-base-uncased
A ruler is a,tool.,ruler,tool,3,"(-8.827770233154297, -4.413885116577148, [-8.740230560302734, -0.0875396728515625])",109514298,bert-base-uncased
A screwdriver is a,tool.,screwdriver,tool,4,"(-0.6421546936035156, -0.3210773468017578, [-0.6130695343017578, -0.029085159301757812])",109514298,bert-base-uncased
A drill is a,tool.,drill,tool,5,"(-2.9080495834350586, -1.4540247917175293, [-2.852320671081543, -0.055728912353515625])",109514298,bert-base-uncased
A nail is a,tool.,nail,tool,6,"(-3.6386537551879883, -1.8193268775939941, [-3.5758867263793945, -0.06276702880859375])",109514298,bert-base-uncased
A tape measure is a,tool.,tape measure,tool,7,"(-5.8756279945373535, -2.9378139972686768, [-5.837719440460205, -0.03790855407714844])",109514298,bert-base-uncased
A sawhorse is a,tool.,sawhorse,tool,8,"(-2.312917709350586, -1.156458854675293, [-2.269886016845703, -0.04303169250488281])",109514298,bert-base-uncased
A sandpaper is a,tool.,sandpaper,tool,9,"(-3.824294090270996, -1.912147045135498, [-3.7856931686401367, -0.038600921630859375])",109514298,bert-base-uncased
A sander is a,tool.,sander,tool,10,"(-3.185633659362793, -1.5928168296813965, [-3.1531667709350586, -0.032466888427734375])",109514298,bert-base-uncased
A level is a,tool.,level,tool,11,"(-8.224367141723633, -4.112183570861816, [-8.106807708740234, -0.11755943298339844])",109514298,bert-base-uncased
A plane is a,tool.,plane,tool,12,"(-8.568687438964844, -4.284343719482422, [-8.507217407226562, -0.06147003173828125])",109514298,bert-base-uncased
A file is a,tool.,file,tool,13,"(-5.997481822967529, -2.9987409114837646, [-5.906205654144287, -0.09127616882324219])",109514298,bert-base-uncased
A toolbox is a,tool.,toolbox,tool,14,"(-0.177215576171875, -0.0886077880859375, [-0.13705062866210938, -0.040164947509765625])",109514298,bert-base-uncased
A t-square is a,tool.,T-square,tool,15,"(-12.024567604064941, -6.012283802032471, [-11.976447105407715, -0.04812049865722656])",109514298,bert-base-uncased
A chisel is a,tool.,chisel,tool,16,"(-0.5230607986450195, -0.26153039932250977, [-0.4788942337036133, -0.04416656494140625])",109514298,bert-base-uncased
A rasp is a,tool.,rasp,tool,17,"(-4.575233459472656, -2.287616729736328, [-4.494365692138672, -0.08086776733398438])",109514298,bert-base-uncased
A pencil is a,tool.,pencil,tool,18,"(-2.2933788299560547, -1.1466894149780273, [-2.223175048828125, -0.07020378112792969])",109514298,bert-base-uncased
A hacksaw is a,tool.,hacksaw,tool,19,"(-6.114642143249512, -3.057321071624756, [-6.048575401306152, -0.06606674194335938])",109514298,bert-base-uncased
A square is a,tool.,square,tool,20,"(-10.36420726776123, -5.182103633880615, [-10.3108549118042, -0.05335235595703125])",109514298,bert-base-uncased
A bench is a,tool.,bench,tool,21,"(-6.367208003997803, -3.1836040019989014, [-6.305333614349365, -0.0618743896484375])",109514298,bert-base-uncased
A plier is a,tool.,plier,tool,22,"(-3.53256893157959, -1.766284465789795, [-3.505425453186035, -0.027143478393554688])",109514298,bert-base-uncased
A wrench is a,tool.,wrench,tool,23,"(-1.1591482162475586, -0.5795741081237793, [-1.1290826797485352, -0.030065536499023438])",109514298,bert-base-uncased
A ladder is a,tool.,ladder,tool,24,"(-9.251823425292969, -4.625911712646484, [-9.198253631591797, -0.053569793701171875])",109514298,bert-base-uncased
A lathe is a,tool.,lathe,tool,25,"(-1.4190034866333008, -0.7095017433166504, [-1.3862619400024414, -0.032741546630859375])",109514298,bert-base-uncased
A vise is a,tool.,vise,tool,26,"(-4.21378755569458, -2.10689377784729, [-4.167723178863525, -0.04606437683105469])",109514298,bert-base-uncased
A screw is a,tool.,screw,tool,27,"(-3.5753231048583984, -1.7876615524291992, [-3.5329322814941406, -0.04239082336425781])",109514298,bert-base-uncased
A wood is a,tool.,wood,tool,28,"(-5.349568843841553, -2.6747844219207764, [-5.277184963226318, -0.07238388061523438])",109514298,bert-base-uncased
A wedge is a,tool.,wedge,tool,29,"(-5.83015775680542, -2.91507887840271, [-5.789210796356201, -0.04094696044921875])",109514298,bert-base-uncased
A lumber is a,tool.,lumber,tool,30,"(-3.599177360534668, -1.799588680267334, [-3.536871910095215, -0.062305450439453125])",109514298,bert-base-uncased
A blueprint is a,tool.,blueprint,tool,31,"(-4.7941460609436035, -2.3970730304718018, [-4.740480899810791, -0.0536651611328125])",109514298,bert-base-uncased
A brace is a,tool.,brace,tool,32,"(-6.260164260864258, -3.130082130432129, [-6.206502914428711, -0.053661346435546875])",109514298,bert-base-uncased
An awl is a,tool.,awl,tool,33,"(-4.929164409637451, -2.4645822048187256, [-4.865762233734131, -0.06340217590332031])",109514298,bert-base-uncased
A crowbar is a,tool.,crowbar,tool,34,"(-2.4334468841552734, -1.2167234420776367, [-2.4027233123779297, -0.03072357177734375])",109514298,bert-base-uncased
A hinge is a,tool.,hinge,tool,35,"(-4.5638813972473145, -2.2819406986236572, [-4.512730121612549, -0.051151275634765625])",109514298,bert-base-uncased
A miter box is a,tool.,miter box,tool,36,"(-4.247267723083496, -2.123633861541748, [-4.215195655822754, -0.03207206726074219])",109514298,bert-base-uncased
A knife is a,tool.,knife,tool,37,"(-3.083578109741211, -1.5417890548706055, [-3.007638931274414, -0.07593917846679688])",109514298,bert-base-uncased
A chalk is a,tool.,chalk,tool,38,"(-5.584662437438965, -2.7923312187194824, [-5.527277946472168, -0.057384490966796875])",109514298,bert-base-uncased
A nut is a,tool.,nut,tool,39,"(-6.172601699829102, -3.086300849914551, [-6.124725341796875, -0.04787635803222656])",109514298,bert-base-uncased
A bolt is a,tool.,bolt,tool,40,"(-3.9270496368408203, -1.9635248184204102, [-3.8611602783203125, -0.06588935852050781])",109514298,bert-base-uncased
A plumb line is a,tool.,plumb line,tool,41,"(-10.297525405883789, -5.1487627029418945, [-10.2548828125, -0.04264259338378906])",109514298,bert-base-uncased
A brush is a,tool.,brush,tool,42,"(-3.7514162063598633, -1.8757081031799316, [-3.703732490539551, -0.0476837158203125])",109514298,bert-base-uncased
A sledge hammer is a,tool.,sledge hammer,tool,43,"(-1.5248699188232422, -0.7624349594116211, [-1.4935131072998047, -0.0313568115234375])",109514298,bert-base-uncased
A glue is a,tool.,glue,tool,44,"(-6.215527534484863, -3.1077637672424316, [-6.171481132507324, -0.04404640197753906])",109514298,bert-base-uncased
A paintbrush is a,tool.,paintbrush,tool,45,"(-1.228102684020996, -0.614051342010498, [-1.1958513259887695, -0.03225135803222656])",109514298,bert-base-uncased
A varnish is a,tool.,varnish,tool,46,"(-5.008408546447754, -2.504204273223877, [-4.980744361877441, -0.0276641845703125])",109514298,bert-base-uncased
An apron is a,tool.,apron,tool,47,"(-4.526574611663818, -2.263287305831909, [-4.470141887664795, -0.05643272399902344])",109514298,bert-base-uncased
A stapler is a,tool.,stapler,tool,48,"(-3.2853307723999023, -1.6426653861999512, [-3.2506799697875977, -0.03465080261230469])",109514298,bert-base-uncased
An extension cord is a,tool.,extension cord,tool,49,"(-6.945919990539551, -3.4729599952697754, [-6.908390998840332, -0.03752899169921875])",109514298,bert-base-uncased
A soldering iron is a,tool.,soldering iron,tool,50,"(-1.9324512481689453, -0.9662256240844727, [-1.9023151397705078, -0.0301361083984375])",109514298,bert-base-uncased
A plaster is a,tool.,plaster,tool,51,"(-7.018199443817139, -3.5090997219085693, [-6.969119548797607, -0.04907989501953125])",109514298,bert-base-uncased
A wheelbarrow is a,tool.,wheelbarrow,tool,52,"(-4.181116104125977, -2.0905580520629883, [-4.152151107788086, -0.028964996337890625])",109514298,bert-base-uncased
An axe is a,tool.,axe,tool,53,"(-2.0562620162963867, -1.0281310081481934, [-1.9929227828979492, -0.0633392333984375])",109514298,bert-base-uncased
A slide rule is a,tool.,slide rule,tool,54,"(-9.80419921875, -4.902099609375, [-9.75722885131836, -0.046970367431640625])",109514298,bert-base-uncased
A cement is a,tool.,cement,tool,55,"(-7.336460590362549, -3.6682302951812744, [-7.280577182769775, -0.05588340759277344])",109514298,bert-base-uncased
An anvil is a,tool.,anvil,tool,56,"(-0.6647472381591797, -0.33237361907958984, [-0.6192054748535156, -0.04554176330566406])",109514298,bert-base-uncased
A hatchet is a,tool.,hatchet,tool,57,"(-3.234055519104004, -1.617027759552002, [-3.1966257095336914, -0.0374298095703125])",109514298,bert-base-uncased
A rag is a,tool.,rag,tool,58,"(-2.5543460845947266, -1.2771730422973633, [-2.5093727111816406, -0.04497337341308594])",109514298,bert-base-uncased
A scissor is a,tool.,scissor,tool,59,"(-3.514359474182129, -1.7571797370910645, [-3.4451303482055664, -0.0692291259765625])",109514298,bert-base-uncased
A crane is a,tool.,crane,tool,60,"(-7.363935470581055, -3.6819677352905273, [-7.317005157470703, -0.04693031311035156])",109514298,bert-base-uncased
Orange is a,fruit.,orange,fruit,1,"(-6.51094913482666, -3.25547456741333, [-6.40824031829834, -0.10270881652832031])",109514298,bert-base-uncased
Apple is a,fruit.,apple,fruit,2,"(-3.3600945472717285, -1.6800472736358643, [-3.2906479835510254, -0.06944656372070312])",109514298,bert-base-uncased
Banana is a,fruit.,banana,fruit,3,"(-3.0411014556884766, -1.5205507278442383, [-2.958690643310547, -0.08241081237792969])",109514298,bert-base-uncased
Peach is a,fruit.,peach,fruit,4,"(-11.434657096862793, -5.7173285484313965, [-11.382040977478027, -0.052616119384765625])",109514298,bert-base-uncased
Pear is a,fruit.,pear,fruit,5,"(-3.206820487976074, -1.603410243988037, [-3.121779441833496, -0.08504104614257812])",109514298,bert-base-uncased
Apricot is a,fruit.,apricot,fruit,6,"(-4.235292434692383, -2.1176462173461914, [-4.158788681030273, -0.07650375366210938])",109514298,bert-base-uncased
Tangerine is a,fruit.,tangerine,fruit,7,"(-6.034451484680176, -3.017225742340088, [-5.968148231506348, -0.06630325317382812])",109514298,bert-base-uncased
Plum is a,fruit.,plum,fruit,8,"(-8.293415069580078, -4.146707534790039, [-8.158370971679688, -0.13504409790039062])",109514298,bert-base-uncased
Grape is a,fruit.,grape,fruit,9,"(-4.178597927093506, -2.089298963546753, [-4.113420009613037, -0.06517791748046875])",109514298,bert-base-uncased
Nectarine is a,fruit.,nectarine,fruit,10,"(-5.974275588989258, -2.987137794494629, [-5.880651473999023, -0.09362411499023438])",109514298,bert-base-uncased
Strawberry is a,fruit.,strawberry,fruit,11,"(-4.969596862792969, -2.4847984313964844, [-4.928985595703125, -0.04061126708984375])",109514298,bert-base-uncased
Grapefruit is a,fruit.,grapefruit,fruit,12,"(-3.696902275085449, -1.8484511375427246, [-3.6453561782836914, -0.05154609680175781])",109514298,bert-base-uncased
Berry is a,fruit.,berry,fruit,13,"(-14.187171936035156, -7.093585968017578, [-14.099048614501953, -0.08812332153320312])",109514298,bert-base-uncased
Cherry is a,fruit.,cherry,fruit,14,"(-11.473591804504395, -5.736795902252197, [-11.391669273376465, -0.08192253112792969])",109514298,bert-base-uncased
Pineapple is a,fruit.,pineapple,fruit,15,"(-2.5701980590820312, -1.2850990295410156, [-2.5016937255859375, -0.06850433349609375])",109514298,bert-base-uncased
Blackberry is a,fruit.,blackberry,fruit,16,"(-5.5472412109375, -2.77362060546875, [-5.418979644775391, -0.12826156616210938])",109514298,bert-base-uncased
Melon is a,fruit.,melon,fruit,17,"(-7.623682975769043, -3.8118414878845215, [-7.548216819763184, -0.07546615600585938])",109514298,bert-base-uncased
Blueberry is a,fruit.,blueberry,fruit,18,"(-4.093949794769287, -2.0469748973846436, [-4.020450115203857, -0.07349967956542969])",109514298,bert-base-uncased
Raspberry is a,fruit.,raspberry,fruit,19,"(-4.089863300323486, -2.044931650161743, [-4.007866382598877, -0.08199691772460938])",109514298,bert-base-uncased
Lemon is a,fruit.,lemon,fruit,20,"(-9.010092735290527, -4.505046367645264, [-8.919293403625488, -0.09079933166503906])",109514298,bert-base-uncased
Black raspberry is a,fruit.,black raspberry,fruit,21,"(-3.6509180068969727, -1.8254590034484863, [-3.590909004211426, -0.060009002685546875])",109514298,bert-base-uncased
Boysenberry is a,fruit.,boysenberry,fruit,22,"(-9.904808044433594, -4.952404022216797, [-9.843849182128906, -0.0609588623046875])",109514298,bert-base-uncased
Watermelon is a,fruit.,watermelon,fruit,23,"(-5.021901607513428, -2.510950803756714, [-4.972205638885498, -0.04969596862792969])",109514298,bert-base-uncased
Cantaloupe is a,fruit.,cantaloupe,fruit,24,"(-7.006950855255127, -3.5034754276275635, [-6.948435306549072, -0.05851554870605469])",109514298,bert-base-uncased
Lime is a,fruit.,lime,fruit,25,"(-5.475513935089111, -2.7377569675445557, [-5.390865802764893, -0.08464813232421875])",109514298,bert-base-uncased
Tangelo is a,fruit.,tangelo,fruit,26,"(-10.016111373901367, -5.008055686950684, [-9.955371856689453, -0.06073951721191406])",109514298,bert-base-uncased
Papaya is a,fruit.,papaya,fruit,27,"(-8.469477653503418, -4.234738826751709, [-8.367709159851074, -0.10176849365234375])",109514298,bert-base-uncased
Honeydew is a,fruit.,honeydew,fruit,28,"(-6.663844585418701, -3.3319222927093506, [-6.574868679046631, -0.08897590637207031])",109514298,bert-base-uncased
Fig is a,fruit.,fig,fruit,29,"(-5.047571182250977, -2.5237855911254883, [-4.927585601806641, -0.11998558044433594])",109514298,bert-base-uncased
Mango is a,fruit.,mango,fruit,30,"(-4.942699432373047, -2.4713497161865234, [-4.866395950317383, -0.07630348205566406])",109514298,bert-base-uncased
Guava is a,fruit.,guava,fruit,31,"(-3.080838203430176, -1.540419101715088, [-2.9911890029907227, -0.08964920043945312])",109514298,bert-base-uncased
Pomegranate is a,fruit.,pomegranate,fruit,32,"(-5.0772294998168945, -2.5386147499084473, [-4.981549263000488, -0.09568023681640625])",109514298,bert-base-uncased
Cranberry is a,fruit.,cranberry,fruit,33,"(-5.159970760345459, -2.5799853801727295, [-5.067094326019287, -0.09287643432617188])",109514298,bert-base-uncased
Passion fruit is a,fruit.,passion fruit,fruit,34,"(-2.1129846572875977, -1.0564923286437988, [-2.0682363510131836, -0.04474830627441406])",109514298,bert-base-uncased
Prune is a,fruit.,prune,fruit,35,"(-6.158167362213135, -3.0790836811065674, [-6.112154483795166, -0.04601287841796875])",109514298,bert-base-uncased
Gooseberry is a,fruit.,gooseberry,fruit,36,"(-4.091248989105225, -2.0456244945526123, [-4.037404537200928, -0.053844451904296875])",109514298,bert-base-uncased
Date is a,fruit.,date,fruit,37,"(-11.84616470336914, -5.92308235168457, [-11.702228546142578, -0.1439361572265625])",109514298,bert-base-uncased
Kumquat is a,fruit.,kumquat,fruit,38,"(-9.56268310546875, -4.781341552734375, [-9.477018356323242, -0.08566474914550781])",109514298,bert-base-uncased
Raisin is a,fruit.,raisin,fruit,39,"(-7.72409200668335, -3.862046003341675, [-7.676961421966553, -0.047130584716796875])",109514298,bert-base-uncased
Muskmelon is a,fruit.,muskmelon,fruit,40,"(-5.119019985198975, -2.5595099925994873, [-5.074120998382568, -0.04489898681640625])",109514298,bert-base-uncased
Persimmon is a,fruit.,persimmon,fruit,41,"(-4.581021308898926, -2.290510654449463, [-4.499850273132324, -0.08117103576660156])",109514298,bert-base-uncased
Pawpaw is a,fruit.,pawpaw,fruit,42,"(-10.632375717163086, -5.316187858581543, [-10.521093368530273, -0.1112823486328125])",109514298,bert-base-uncased
Coconut is a,fruit.,coconut,fruit,43,"(-3.8672332763671875, -1.9336166381835938, [-3.785890579223633, -0.08134269714355469])",109514298,bert-base-uncased
Avocado is a,fruit.,avocado,fruit,44,"(-6.111133098602295, -3.0555665493011475, [-6.047301769256592, -0.06383132934570312])",109514298,bert-base-uncased
Pumpkin is a,fruit.,pumpkin,fruit,45,"(-6.968184471130371, -3.4840922355651855, [-6.875851631164551, -0.09233283996582031])",109514298,bert-base-uncased
Tomato is a,fruit.,tomato,fruit,46,"(-5.207161903381348, -2.603580951690674, [-5.091504096984863, -0.11565780639648438])",109514298,bert-base-uncased
Nut is a,fruit.,nut,fruit,47,"(-8.383030891418457, -4.1915154457092285, [-8.25024127960205, -0.13278961181640625])",109514298,bert-base-uncased
Gourd is a,fruit.,gourd,fruit,48,"(-8.685275077819824, -4.342637538909912, [-8.605326652526855, -0.07994842529296875])",109514298,bert-base-uncased
Olive is a,fruit.,olive,fruit,49,"(-11.137126922607422, -5.568563461303711, [-11.02463150024414, -0.11249542236328125])",109514298,bert-base-uncased
Pickle is a,fruit.,pickle,fruit,50,"(-8.618050575256348, -4.309025287628174, [-8.57275676727295, -0.04529380798339844])",109514298,bert-base-uncased
Squash is a,fruit.,squash,fruit,51,"(-8.130818843841553, -4.065409421920776, [-7.986247539520264, -0.14457130432128906])",109514298,bert-base-uncased
A pant is a,clothing.,pant,clothing,1,"(-8.29616928100586, -4.14808464050293, [-8.19277572631836, -0.1033935546875])",109514298,bert-base-uncased
A shirt is a,clothing.,shirt,clothing,2,"(-6.291231155395508, -3.145615577697754, [-6.2075958251953125, -0.08363533020019531])",109514298,bert-base-uncased
A dress is a,clothing.,dress,clothing,3,"(-7.577420234680176, -3.788710117340088, [-7.498244285583496, -0.07917594909667969])",109514298,bert-base-uncased
A skirt is a,clothing.,skirt,clothing,4,"(-7.023336410522461, -3.5116682052612305, [-6.935646057128906, -0.08769035339355469])",109514298,bert-base-uncased
A blouse is a,clothing.,blouse,clothing,5,"(-8.476473808288574, -4.238236904144287, [-8.404444694519043, -0.07202911376953125])",109514298,bert-base-uncased
A suit is a,clothing.,suit,clothing,6,"(-9.474455833435059, -4.737227916717529, [-9.381510734558105, -0.09294509887695312])",109514298,bert-base-uncased
A slack is a,clothing.,slack,clothing,7,"(-11.54852294921875, -5.774261474609375, [-11.450042724609375, -0.098480224609375])",109514298,bert-base-uncased
A jacket is a,clothing.,jacket,clothing,8,"(-5.080883502960205, -2.5404417514801025, [-4.986202716827393, -0.0946807861328125])",109514298,bert-base-uncased
A coat is a,clothing.,coat,clothing,9,"(-5.987934112548828, -2.993967056274414, [-5.913639068603516, -0.0742950439453125])",109514298,bert-base-uncased
A sweater is a,clothing.,sweater,clothing,10,"(-6.587225914001465, -3.2936129570007324, [-6.511223793029785, -0.07600212097167969])",109514298,bert-base-uncased
A sweatshirt is a,clothing.,sweatshirt,clothing,11,"(-6.455603122711182, -3.227801561355591, [-6.336111545562744, -0.1194915771484375])",109514298,bert-base-uncased
An underpant is a,clothing.,underpant,clothing,12,"(-8.907427787780762, -4.453713893890381, [-8.776339530944824, -0.1310882568359375])",109514298,bert-base-uncased
A sports jacket is a,clothing.,sports jacket,clothing,13,"(-6.931830406188965, -3.4659152030944824, [-6.821076393127441, -0.11075401306152344])",109514298,bert-base-uncased
A jumper is a,clothing.,jumper,clothing,14,"(-12.914929389953613, -6.457464694976807, [-12.818123817443848, -0.09680557250976562])",109514298,bert-base-uncased
A panty is a,clothing.,panty,clothing,15,"(-5.930128574371338, -2.965064287185669, [-5.851988315582275, -0.0781402587890625])",109514298,bert-base-uncased
A sock is a,clothing.,sock,clothing,16,"(-6.547799587249756, -3.273899793624878, [-6.473876476287842, -0.07392311096191406])",109514298,bert-base-uncased
A parka is a,clothing.,parka,clothing,17,"(-7.700291633605957, -3.8501458168029785, [-7.617836952209473, -0.08245468139648438])",109514298,bert-base-uncased
A pajama is a,clothing.,pajama,clothing,18,"(-5.895413398742676, -2.947706699371338, [-5.833952903747559, -0.06146049499511719])",109514298,bert-base-uncased
An undershirt is a,clothing.,undershirt,clothing,19,"(-5.544556140899658, -2.772278070449829, [-5.452673435211182, -0.09188270568847656])",109514298,bert-base-uncased
An overcoat is a,clothing.,overcoat,clothing,20,"(-5.7429118156433105, -2.8714559078216553, [-5.6249518394470215, -0.11795997619628906])",109514298,bert-base-uncased
A nightgown is a,clothing.,nightgown,clothing,21,"(-4.555336952209473, -2.2776684761047363, [-4.451312065124512, -0.10402488708496094])",109514298,bert-base-uncased
A raincoat is a,clothing.,raincoat,clothing,22,"(-6.014833927154541, -3.0074169635772705, [-5.928028583526611, -0.08680534362792969])",109514298,bert-base-uncased
A bathing suit is a,clothing.,bathing suit,clothing,23,"(-4.904985427856445, -2.4524927139282227, [-4.800493240356445, -0.1044921875])",109514298,bert-base-uncased
A bathrobe is a,clothing.,bathrobe,clothing,24,"(-5.119406700134277, -2.5597033500671387, [-5.052947044372559, -0.06645965576171875])",109514298,bert-base-uncased
A slip is a,clothing.,slip,clothing,25,"(-10.689083099365234, -5.344541549682617, [-10.59832763671875, -0.09075546264648438])",109514298,bert-base-uncased
A bra is a,clothing.,bra,clothing,26,"(-6.995826721191406, -3.497913360595703, [-6.9185333251953125, -0.07729339599609375])",109514298,bert-base-uncased
A shoe is a,clothing.,shoe,clothing,27,"(-8.317407608032227, -4.158703804016113, [-8.234731674194336, -0.08267593383789062])",109514298,bert-base-uncased
A tuxedo is a,clothing.,tuxedo,clothing,28,"(-5.846014022827148, -2.923007011413574, [-5.73992919921875, -0.10608482360839844])",109514298,bert-base-uncased
A stocking is a,clothing.,stocking,clothing,29,"(-8.005513191223145, -4.002756595611572, [-7.936907768249512, -0.06860542297363281])",109514298,bert-base-uncased
A vest is a,clothing.,vest,clothing,30,"(-5.600561618804932, -2.800280809402466, [-5.495306491851807, -0.105255126953125])",109514298,bert-base-uncased
A nylon is a,clothing.,nylon,clothing,31,"(-6.88584041595459, -3.442920207977295, [-6.795523643493652, -0.0903167724609375])",109514298,bert-base-uncased
A cape is a,clothing.,cape,clothing,32,"(-10.197178840637207, -5.0985894203186035, [-10.095736503601074, -0.10144233703613281])",109514298,bert-base-uncased
A boot is a,clothing.,boot,clothing,33,"(-8.82004165649414, -4.41002082824707, [-8.709817886352539, -0.11022377014160156])",109514298,bert-base-uncased
A sandal is a,clothing.,sandal,clothing,34,"(-7.118416786193848, -3.559208393096924, [-7.053366661071777, -0.06505012512207031])",109514298,bert-base-uncased
A tie is a,clothing.,tie,clothing,35,"(-19.044191360473633, -9.522095680236816, [-18.946453094482422, -0.09773826599121094])",109514298,bert-base-uncased
A girdle is a,clothing.,girdle,clothing,36,"(-7.206108570098877, -3.6030542850494385, [-7.139179706573486, -0.06692886352539062])",109514298,bert-base-uncased
A belt is a,clothing.,belt,clothing,37,"(-7.024656772613525, -3.5123283863067627, [-6.944286823272705, -0.08036994934082031])",109514298,bert-base-uncased
A scarf is a,clothing.,scarf,clothing,38,"(-8.931357383728027, -4.465678691864014, [-8.855147361755371, -0.07621002197265625])",109514298,bert-base-uncased
A mitten is a,clothing.,mitten,clothing,39,"(-9.77118968963623, -4.885594844818115, [-9.684130668640137, -0.08705902099609375])",109514298,bert-base-uncased
A slipper is a,clothing.,slipper,clothing,40,"(-6.327672004699707, -3.1638360023498535, [-6.230425834655762, -0.09724617004394531])",109514298,bert-base-uncased
A hat is a,clothing.,hat,clothing,41,"(-8.360705375671387, -4.180352687835693, [-8.248167991638184, -0.11253738403320312])",109514298,bert-base-uncased
An overshoe is a,clothing.,overshoe,clothing,42,"(-10.010096549987793, -5.0050482749938965, [-9.913905143737793, -0.09619140625])",109514298,bert-base-uncased
A glove is a,clothing.,glove,clothing,43,"(-10.129074096679688, -5.064537048339844, [-10.049430847167969, -0.07964324951171875])",109514298,bert-base-uncased
An apron is a,clothing.,apron,clothing,44,"(-6.618485927581787, -3.3092429637908936, [-6.521539211273193, -0.09694671630859375])",109514298,bert-base-uncased
An earmuff is a,clothing.,earmuff,clothing,45,"(-7.2629923820495605, -3.6314961910247803, [-7.1625494956970215, -0.10044288635253906])",109514298,bert-base-uncased
A handkerchief is a,clothing.,handkerchief,clothing,46,"(-9.78500747680664, -4.89250373840332, [-9.698278427124023, -0.08672904968261719])",109514298,bert-base-uncased
A purse is a,clothing.,purse,clothing,47,"(-10.57015323638916, -5.28507661819458, [-10.463210105895996, -0.10694313049316406])",109514298,bert-base-uncased
A hairband is a,clothing.,hairband,clothing,48,"(-6.945196628570557, -3.4725983142852783, [-6.853336811065674, -0.09185981750488281])",109514298,bert-base-uncased
A ring is a,clothing.,ring,clothing,49,"(-13.627409934997559, -6.813704967498779, [-13.544171333312988, -0.08323860168457031])",109514298,bert-base-uncased
An earring is a,clothing.,earring,clothing,50,"(-10.654423713684082, -5.327211856842041, [-10.552754402160645, -0.1016693115234375])",109514298,bert-base-uncased
A watch is a,clothing.,watch,clothing,51,"(-13.723896980285645, -6.861948490142822, [-13.639124870300293, -0.08477210998535156])",109514298,bert-base-uncased
A cuff link is a,clothing.,cuff link,clothing,52,"(-9.345697402954102, -4.672848701477051, [-9.27115249633789, -0.07454490661621094])",109514298,bert-base-uncased
A necklace is a,clothing.,necklace,clothing,53,"(-11.173667907714844, -5.586833953857422, [-11.08094596862793, -0.09272193908691406])",109514298,bert-base-uncased
A bracelet is a,clothing.,bracelet,clothing,54,"(-10.05184268951416, -5.02592134475708, [-9.96347713470459, -0.08836555480957031])",109514298,bert-base-uncased
A cane is a,clothing.,cane,clothing,55,"(-11.986333847045898, -5.993166923522949, [-11.902730941772461, -0.0836029052734375])",109514298,bert-base-uncased
An automobile is a,vehicle.,automobile,vehicle,1,"(-0.3316307067871094, -0.1658153533935547, [-0.2825927734375, -0.049037933349609375])",109514298,bert-base-uncased
A station wagon is a,vehicle.,station wagon,vehicle,2,"(-2.591181755065918, -1.295590877532959, [-2.5520315170288086, -0.039150238037109375])",109514298,bert-base-uncased
A truck is a,vehicle.,truck,vehicle,3,"(-1.4953289031982422, -0.7476644515991211, [-1.43084716796875, -0.06448173522949219])",109514298,bert-base-uncased
A car is a,vehicle.,car,vehicle,4,"(-1.469710350036621, -0.7348551750183105, [-1.4127588272094727, -0.05695152282714844])",109514298,bert-base-uncased
A bus is a,vehicle.,bus,vehicle,5,"(-2.9609432220458984, -1.4804716110229492, [-2.893434524536133, -0.06750869750976562])",109514298,bert-base-uncased
A taxi is a,vehicle.,taxi,vehicle,6,"(-1.8503456115722656, -0.9251728057861328, [-1.7857952117919922, -0.06455039978027344])",109514298,bert-base-uncased
A jeep is a,vehicle.,jeep,vehicle,7,"(-0.8776931762695312, -0.4388465881347656, [-0.8210773468017578, -0.05661582946777344])",109514298,bert-base-uncased
An ambulance is a,vehicle.,ambulance,vehicle,8,"(-2.1738691329956055, -1.0869345664978027, [-2.12490177154541, -0.04896736145019531])",109514298,bert-base-uncased
A motorcycle is a,vehicle.,motorcycle,vehicle,9,"(-4.468223571777344, -2.234111785888672, [-4.426158905029297, -0.042064666748046875])",109514298,bert-base-uncased
A streetcar is a,vehicle.,streetcar,vehicle,10,"(-2.8827638626098633, -1.4413819313049316, [-2.8064794540405273, -0.07628440856933594])",109514298,bert-base-uncased
A van is a,vehicle.,van,vehicle,11,"(-1.2942352294921875, -0.6471176147460938, [-1.2471485137939453, -0.04708671569824219])",109514298,bert-base-uncased
A honda is a,vehicle.,Honda,vehicle,12,"(-3.591547966003418, -1.795773983001709, [-3.5501604080200195, -0.04138755798339844])",109514298,bert-base-uncased
A cable car is a,vehicle.,cable car,vehicle,13,"(-3.455796241760254, -1.727898120880127, [-3.413893699645996, -0.04190254211425781])",109514298,bert-base-uncased
A train is a,vehicle.,train,vehicle,14,"(-4.511678218841553, -2.2558391094207764, [-4.450742244720459, -0.06093597412109375])",109514298,bert-base-uncased
A trolley is a,vehicle.,trolley,vehicle,15,"(-2.428438186645508, -1.214219093322754, [-2.376005172729492, -0.052433013916015625])",109514298,bert-base-uncased
A bicycle is a,vehicle.,bicycle,vehicle,16,"(-4.12966251373291, -2.064831256866455, [-4.083542823791504, -0.04611968994140625])",109514298,bert-base-uncased
A carriage is a,vehicle.,carriage,vehicle,17,"(-1.7999000549316406, -0.8999500274658203, [-1.7357406616210938, -0.06415939331054688])",109514298,bert-base-uncased
An airplane is a,vehicle.,airplane,vehicle,18,"(-3.7104883193969727, -1.8552441596984863, [-3.658684730529785, -0.0518035888671875])",109514298,bert-base-uncased
A bike is a,vehicle.,bike,vehicle,19,"(-3.4877891540527344, -1.7438945770263672, [-3.439006805419922, -0.0487823486328125])",109514298,bert-base-uncased
A boat is a,vehicle.,boat,vehicle,20,"(-5.096699237823486, -2.548349618911743, [-5.0508503913879395, -0.045848846435546875])",109514298,bert-base-uncased
A jet is a,vehicle.,jet,vehicle,21,"(-4.054877281188965, -2.0274386405944824, [-4.004067420959473, -0.05080986022949219])",109514298,bert-base-uncased
A ship is a,vehicle.,ship,vehicle,22,"(-5.633355617523193, -2.8166778087615967, [-5.563830852508545, -0.06952476501464844])",109514298,bert-base-uncased
A scooter is a,vehicle.,scooter,vehicle,23,"(-1.7669506072998047, -0.8834753036499023, [-1.7288970947265625, -0.03805351257324219])",109514298,bert-base-uncased
A tractor is a,vehicle.,tractor,vehicle,24,"(-2.8774099349975586, -1.4387049674987793, [-2.837405204772949, -0.040004730224609375])",109514298,bert-base-uncased
A wagon is a,vehicle.,wagon,vehicle,25,"(-1.6298084259033203, -0.8149042129516602, [-1.5806941986083984, -0.049114227294921875])",109514298,bert-base-uncased
A subway is a,vehicle.,subway,vehicle,26,"(-4.164866924285889, -2.0824334621429443, [-4.098832607269287, -0.06603431701660156])",109514298,bert-base-uncased
A trailer is a,vehicle.,trailer,vehicle,27,"(-2.074030876159668, -1.037015438079834, [-2.025101661682129, -0.04892921447753906])",109514298,bert-base-uncased
A cart is a,vehicle.,cart,vehicle,28,"(-2.3177576065063477, -1.1588788032531738, [-2.2654104232788086, -0.05234718322753906])",109514298,bert-base-uncased
A wheelchair is a,vehicle.,wheelchair,vehicle,29,"(-6.5159196853637695, -3.2579598426818848, [-6.451128959655762, -0.06479072570800781])",109514298,bert-base-uncased
A yacht is a,vehicle.,yacht,vehicle,30,"(-5.990068435668945, -2.9950342178344727, [-5.944553375244141, -0.04551506042480469])",109514298,bert-base-uncased
A tank is a,vehicle.,tank,vehicle,31,"(-4.615083694458008, -2.307541847229004, [-4.572530746459961, -0.042552947998046875])",109514298,bert-base-uncased
A go-cart is a,vehicle.,go-cart,vehicle,32,"(-2.89902400970459, -1.449512004852295, [-2.8494691848754883, -0.04955482482910156])",109514298,bert-base-uncased
A rowboat is a,vehicle.,rowboat,vehicle,33,"(-6.178157806396484, -3.089078903198242, [-6.147071838378906, -0.031085968017578125])",109514298,bert-base-uncased
A dogsled is a,vehicle.,dogsled,vehicle,34,"(-5.671472072601318, -2.835736036300659, [-5.632571697235107, -0.03890037536621094])",109514298,bert-base-uncased
A tricycle is a,vehicle.,tricycle,vehicle,35,"(-4.6324005126953125, -2.3162002563476562, [-4.594110488891602, -0.03829002380371094])",109514298,bert-base-uncased
A canoe is a,vehicle.,canoe,vehicle,36,"(-6.821934700012207, -3.4109673500061035, [-6.787884712219238, -0.03404998779296875])",109514298,bert-base-uncased
A raft is a,vehicle.,raft,vehicle,37,"(-6.410731792449951, -3.2053658962249756, [-6.358180522918701, -0.05255126953125])",109514298,bert-base-uncased
A submarine is a,vehicle.,submarine,vehicle,38,"(-6.299230575561523, -3.1496152877807617, [-6.257011413574219, -0.04221916198730469])",109514298,bert-base-uncased
A sled is a,vehicle.,sled,vehicle,39,"(-2.244967460632324, -1.122483730316162, [-2.210453987121582, -0.03451347351074219])",109514298,bert-base-uncased
A horse is a,vehicle.,horse,vehicle,40,"(-5.458100318908691, -2.7290501594543457, [-5.396746635437012, -0.06135368347167969])",109514298,bert-base-uncased
A rocket is a,vehicle.,rocket,vehicle,41,"(-3.047377586364746, -1.523688793182373, [-3.000838279724121, -0.046539306640625])",109514298,bert-base-uncased
A blimp is a,vehicle.,blimp,vehicle,42,"(-3.402033805847168, -1.701016902923584, [-3.3606252670288086, -0.041408538818359375])",109514298,bert-base-uncased
A skate is a,vehicle.,skate,vehicle,43,"(-6.303043365478516, -3.151521682739258, [-6.248668670654297, -0.05437469482421875])",109514298,bert-base-uncased
A camel is a,vehicle.,camel,vehicle,44,"(-5.070866584777832, -2.535433292388916, [-5.029820442199707, -0.041046142578125])",109514298,bert-base-uncased
Feet are,vehicles.,feet,vehicle,45,"(-14.291393280029297, -7.145696640014648, [-14.161176681518555, -0.1302165985107422])",109514298,bert-base-uncased
A ski is a,vehicle.,ski,vehicle,46,"(-5.841814994812012, -2.920907497406006, [-5.795380592346191, -0.04643440246582031])",109514298,bert-base-uncased
A skateboard is a,vehicle.,skateboard,vehicle,47,"(-5.209813117980957, -2.6049065589904785, [-5.1715192794799805, -0.03829383850097656])",109514298,bert-base-uncased
A wheelbarrow is a,vehicle.,wheelbarrow,vehicle,48,"(-5.13992977142334, -2.56996488571167, [-5.092873573303223, -0.04705619812011719])",109514298,bert-base-uncased
A surfboard is a,vehicle.,surfboard,vehicle,49,"(-5.934157371520996, -2.967078685760498, [-5.899125099182129, -0.03503227233886719])",109514298,bert-base-uncased
An elevator is a,vehicle.,elevator,vehicle,50,"(-5.451451301574707, -2.7257256507873535, [-5.379620552062988, -0.07183074951171875])",109514298,bert-base-uncased
A chair is a type of,furniture.,chair,furniture,1,"(-4.554380416870117, -2.2771902084350586, [-4.537302017211914, -0.017078399658203125])",109514298,bert-base-uncased
A sofa is a type of,furniture.,sofa,furniture,2,"(-3.8624448776245117, -1.9312224388122559, [-3.8481760025024414, -0.014268875122070312])",109514298,bert-base-uncased
A couch is a type of,furniture.,couch,furniture,3,"(-2.4355411529541016, -1.2177705764770508, [-2.4214859008789062, -0.014055252075195312])",109514298,bert-base-uncased
A table is a type of,furniture.,table,furniture,4,"(-9.964061737060547, -4.982030868530273, [-9.947675704956055, -0.016386032104492188])",109514298,bert-base-uncased
An easy chair is a type of,furniture.,easy chair,furniture,5,"(-6.967962265014648, -3.483981132507324, [-6.952671051025391, -0.015291213989257812])",109514298,bert-base-uncased
A dresser is a type of,furniture.,dresser,furniture,6,"(-3.2297592163085938, -1.6148796081542969, [-3.2161712646484375, -0.01358795166015625])",109514298,bert-base-uncased
A rocking chair is a type of,furniture.,rocking chair,furniture,7,"(-6.189182281494141, -3.0945911407470703, [-6.178806304931641, -0.0103759765625])",109514298,bert-base-uncased
A coffee table is a type of,furniture.,coffee table,furniture,8,"(-8.031058311462402, -4.015529155731201, [-8.019566535949707, -0.011491775512695312])",109514298,bert-base-uncased
A rocker is a type of,furniture.,rocker,furniture,9,"(-7.171905994415283, -3.5859529972076416, [-7.15490198135376, -0.017004013061523438])",109514298,bert-base-uncased
A love seat is a type of,furniture.,love seat,furniture,10,"(-4.467249870300293, -2.2336249351501465, [-4.454230308532715, -0.013019561767578125])",109514298,bert-base-uncased
A chest of drawers is a,furniture.,chest of drawers,furniture,11,"(-6.485326766967773, -3.2426633834838867, [-6.418708801269531, -0.06661796569824219])",109514298,bert-base-uncased
A desk is a type of,furniture.,desk,furniture,12,"(-4.436091423034668, -2.218045711517334, [-4.420365333557129, -0.015726089477539062])",109514298,bert-base-uncased
A bed is a type of,furniture.,bed,furniture,13,"(-4.056441307067871, -2.0282206535339355, [-4.039185523986816, -0.017255783081054688])",109514298,bert-base-uncased
A bureau is a type of,furniture.,bureau,furniture,14,"(-5.202141761779785, -2.6010708808898926, [-5.187039375305176, -0.015102386474609375])",109514298,bert-base-uncased
A davenport is a type of,furniture.,davenport,furniture,15,"(-6.883220195770264, -3.441610097885132, [-6.8632121086120605, -0.020008087158203125])",109514298,bert-base-uncased
An end table is a type of,furniture.,end table,furniture,16,"(-13.062887191772461, -6.5314435958862305, [-13.049251556396484, -0.013635635375976562])",109514298,bert-base-uncased
A divan is a type of,furniture.,divan,furniture,17,"(-5.687868595123291, -2.8439342975616455, [-5.676367282867432, -0.011501312255859375])",109514298,bert-base-uncased
A night table is a type of,furniture.,night table,furniture,18,"(-8.333593368530273, -4.166796684265137, [-8.321586608886719, -0.012006759643554688])",109514298,bert-base-uncased
A chest is a type of,furniture.,chest,furniture,19,"(-7.110767364501953, -3.5553836822509766, [-7.092517852783203, -0.01824951171875])",109514298,bert-base-uncased
A cedar chest is a type of,furniture.,cedar chest,furniture,20,"(-6.113811492919922, -3.056905746459961, [-6.10310173034668, -0.010709762573242188])",109514298,bert-base-uncased
A vanity is a type of,furniture.,vanity,furniture,21,"(-6.096230983734131, -3.0481154918670654, [-6.076980113983154, -0.019250869750976562])",109514298,bert-base-uncased
A bookcase is a type of,furniture.,bookcase,furniture,22,"(-2.807316780090332, -1.403658390045166, [-2.796696662902832, -0.0106201171875])",109514298,bert-base-uncased
A lounge is a type of,furniture.,lounge,furniture,23,"(-5.227853775024414, -2.613926887512207, [-5.2095794677734375, -0.018274307250976562])",109514298,bert-base-uncased
A chaise lounge is a type of,furniture.,chaise lounge,furniture,24,"(-7.0523505210876465, -3.5261752605438232, [-7.040505886077881, -0.011844635009765625])",109514298,bert-base-uncased
An ottoman is a type of,furniture.,ottoman,furniture,25,"(-3.480362892150879, -1.7401814460754395, [-3.4652795791625977, -0.01508331298828125])",109514298,bert-base-uncased
A footstool is a type of,furniture.,footstool,furniture,26,"(-5.882551193237305, -2.9412755966186523, [-5.8686065673828125, -0.013944625854492188])",109514298,bert-base-uncased
A cabinet is a type of,furniture.,cabinet,furniture,27,"(-3.992433547973633, -1.9962167739868164, [-3.9779319763183594, -0.014501571655273438])",109514298,bert-base-uncased
A china closet is a type of,furniture.,china closet,furniture,28,"(-4.397233963012695, -2.1986169815063477, [-4.3855743408203125, -0.011659622192382812])",109514298,bert-base-uncased
A bench is a type of,furniture.,bench,furniture,29,"(-5.325958251953125, -2.6629791259765625, [-5.310815811157227, -0.015142440795898438])",109514298,bert-base-uncased
A buffet is a type of,furniture.,buffet,furniture,30,"(-8.480632781982422, -4.240316390991211, [-8.465253829956055, -0.015378952026367188])",109514298,bert-base-uncased
A lamp is a type of,furniture.,lamp,furniture,31,"(-9.908304214477539, -4.9541521072387695, [-9.892942428588867, -0.015361785888671875])",109514298,bert-base-uncased
A stool is a type of,furniture.,stool,furniture,32,"(-5.855661392211914, -2.927830696105957, [-5.839935302734375, -0.015726089477539062])",109514298,bert-base-uncased
A hassock is a type of,furniture.,hassock,furniture,33,"(-6.58367919921875, -3.291839599609375, [-6.568519592285156, -0.01515960693359375])",109514298,bert-base-uncased
A drawer is a type of,furniture.,drawer,furniture,34,"(-4.534241676330566, -2.267120838165283, [-4.516823768615723, -0.01741790771484375])",109514298,bert-base-uncased
A piano is a type of,furniture.,piano,furniture,35,"(-8.499610900878906, -4.249805450439453, [-8.486827850341797, -0.012783050537109375])",109514298,bert-base-uncased
A cushion is a type of,furniture.,cushion,furniture,36,"(-4.539651870727539, -2.2698259353637695, [-4.524209976196289, -0.01544189453125])",109514298,bert-base-uncased
A magazine rack is a type of,furniture.,magazine rack,furniture,37,"(-6.884444236755371, -3.4422221183776855, [-6.872332572937012, -0.012111663818359375])",109514298,bert-base-uncased
A hi-fi is a type of,furniture.,hi-fi,furniture,38,"(-8.209352493286133, -4.104676246643066, [-8.192876815795898, -0.016475677490234375])",109514298,bert-base-uncased
A cupboard is a type of,furniture.,cupboard,furniture,39,"(-5.070122718811035, -2.5350613594055176, [-5.054469108581543, -0.015653610229492188])",109514298,bert-base-uncased
A stereo is a type of,furniture.,stereo,furniture,40,"(-7.116157054901123, -3.5580785274505615, [-7.096635341644287, -0.019521713256835938])",109514298,bert-base-uncased
A mirror is a type of,furniture.,mirror,furniture,41,"(-9.741144180297852, -4.870572090148926, [-9.725427627563477, -0.015716552734375])",109514298,bert-base-uncased
A television is a type of,furniture.,television,furniture,42,"(-9.731760025024414, -4.865880012512207, [-9.714902877807617, -0.016857147216796875])",109514298,bert-base-uncased
A bar is a type of,furniture.,bar,furniture,43,"(-5.793880462646484, -2.896940231323242, [-5.778598785400391, -0.01528167724609375])",109514298,bert-base-uncased
A shelf is a type of,furniture.,shelf,furniture,44,"(-4.375429630279541, -2.1877148151397705, [-4.3590989112854, -0.016330718994140625])",109514298,bert-base-uncased
A rug is a type of,furniture.,rug,furniture,45,"(-8.051407814025879, -4.0257039070129395, [-8.038470268249512, -0.012937545776367188])",109514298,bert-base-uncased
A pillow is a type of,furniture.,pillow,furniture,46,"(-5.35523796081543, -2.677618980407715, [-5.340452194213867, -0.0147857666015625])",109514298,bert-base-uncased
A wastebasket is a type of,furniture.,wastebasket,furniture,47,"(-7.630771160125732, -3.815385580062866, [-7.619216442108154, -0.011554718017578125])",109514298,bert-base-uncased
A radio is a type of,furniture.,radio,furniture,48,"(-11.768595695495605, -5.884297847747803, [-11.748991966247559, -0.019603729248046875])",109514298,bert-base-uncased
A sewing machine is a type of,furniture.,sewing machine,furniture,49,"(-10.244588851928711, -5.1222944259643555, [-10.235248565673828, -0.009340286254882812])",109514298,bert-base-uncased
A stove is a type of,furniture.,stove,furniture,50,"(-8.649467468261719, -4.324733734130859, [-8.635923385620117, -0.013544082641601562])",109514298,bert-base-uncased
A counter is a type of,furniture.,counter,furniture,51,"(-7.838659763336182, -3.919329881668091, [-7.823244571685791, -0.015415191650390625])",109514298,bert-base-uncased
A clock is a type of,furniture.,clock,furniture,52,"(-10.455595016479492, -5.227797508239746, [-10.44009780883789, -0.015497207641601562])",109514298,bert-base-uncased
A drape is a type of,furniture.,drape,furniture,53,"(-7.32722806930542, -3.66361403465271, [-7.313195705413818, -0.014032363891601562])",109514298,bert-base-uncased
A refrigerator is a type of,furniture.,refrigerator,furniture,54,"(-9.698461532592773, -4.849230766296387, [-9.685953140258789, -0.012508392333984375])",109514298,bert-base-uncased
A picture is a type of,furniture.,picture,furniture,55,"(-9.676460266113281, -4.838230133056641, [-9.659364700317383, -0.017095565795898438])",109514298,bert-base-uncased
A closet is a type of,furniture.,closet,furniture,56,"(-5.272322654724121, -2.6361613273620605, [-5.2558488845825195, -0.016473770141601562])",109514298,bert-base-uncased
A vase is a type of,furniture.,vase,furniture,57,"(-8.524873733520508, -4.262436866760254, [-8.511621475219727, -0.01325225830078125])",109514298,bert-base-uncased
An ashtray is a type of,furniture.,ashtray,furniture,58,"(-5.947851657867432, -2.973925828933716, [-5.934986591339111, -0.012865066528320312])",109514298,bert-base-uncased
A fan is a type of,furniture.,fan,furniture,59,"(-7.755195140838623, -3.8775975704193115, [-7.737046718597412, -0.018148422241210938])",109514298,bert-base-uncased
A telephone is a type of,furniture.,telephone,furniture,60,"(-12.612957000732422, -6.306478500366211, [-12.596284866333008, -0.016672134399414062])",109514298,bert-base-uncased
A gun is a,weapon.,gun,weapon,1,"(-1.1826105117797852, -0.5913052558898926, [-1.088669776916504, -0.09394073486328125])",109514298,bert-base-uncased
A pistol is a,weapon.,pistol,weapon,2,"(-2.016961097717285, -1.0084805488586426, [-1.9237394332885742, -0.09322166442871094])",109514298,bert-base-uncased
A revolver is a,weapon.,revolver,weapon,3,"(-2.8325929641723633, -1.4162964820861816, [-2.7366628646850586, -0.09593009948730469])",109514298,bert-base-uncased
A machine gun is a,weapon.,machine gun,weapon,4,"(-0.8687925338745117, -0.43439626693725586, [-0.7621660232543945, -0.10662651062011719])",109514298,bert-base-uncased
A rifle is a,weapon.,rifle,weapon,5,"(-1.4971561431884766, -0.7485780715942383, [-1.4126434326171875, -0.08451271057128906])",109514298,bert-base-uncased
A switchblade is a,weapon.,switchblade,weapon,6,"(-1.924677848815918, -0.962338924407959, [-1.8697805404663086, -0.054897308349609375])",109514298,bert-base-uncased
A knife is a,weapon.,knife,weapon,7,"(-1.6192197799682617, -0.8096098899841309, [-1.505284309387207, -0.11393547058105469])",109514298,bert-base-uncased
A dagger is a,weapon.,dagger,weapon,8,"(-0.9694623947143555, -0.48473119735717773, [-0.8716878890991211, -0.09777450561523438])",109514298,bert-base-uncased
A shotgun is a,weapon.,shotgun,weapon,9,"(-2.9677562713623047, -1.4838781356811523, [-2.8852996826171875, -0.08245658874511719])",109514298,bert-base-uncased
A sword is a,weapon.,sword,weapon,10,"(-0.9558649063110352, -0.4779324531555176, [-0.845911979675293, -0.10995292663574219])",109514298,bert-base-uncased
A bomb is a,weapon.,bomb,weapon,11,"(-1.5696163177490234, -0.7848081588745117, [-1.484231948852539, -0.08538436889648438])",109514298,bert-base-uncased
A hand grenade is a,weapon.,hand grenade,weapon,12,"(-1.172825813293457, -0.5864129066467285, [-1.1071596145629883, -0.06566619873046875])",109514298,bert-base-uncased
An atom bomb is a,weapon.,Atom bomb,weapon,13,"(-1.1685667037963867, -0.5842833518981934, [-1.1198225021362305, -0.04874420166015625])",109514298,bert-base-uncased
A bayonet is a,weapon.,bayonet,weapon,14,"(-0.44910335540771484, -0.22455167770385742, [-0.37224674224853516, -0.07685661315917969])",109514298,bert-base-uncased
A spear is a,weapon.,spear,weapon,15,"(-0.7345962524414062, -0.3672981262207031, [-0.6296272277832031, -0.10496902465820312])",109514298,bert-base-uncased
A bazooka is a,weapon.,bazooka,weapon,16,"(-0.998011589050293, -0.4990057945251465, [-0.9459943771362305, -0.0520172119140625])",109514298,bert-base-uncased
A cannon is a,weapon.,cannon,weapon,17,"(-1.977243423461914, -0.988621711730957, [-1.8698291778564453, -0.10741424560546875])",109514298,bert-base-uncased
A bow and arrow is a,weapon.,bow and arrow,weapon,18,"(-0.736964225769043, -0.3684821128845215, [-0.665074348449707, -0.07188987731933594])",109514298,bert-base-uncased
A club is a,weapon.,club,weapon,19,"(-9.88414478302002, -4.94207239151001, [-9.786986351013184, -0.09715843200683594])",109514298,bert-base-uncased
A lance is a,weapon.,lance,weapon,20,"(-2.8364992141723633, -1.4182496070861816, [-2.7412900924682617, -0.09520912170410156])",109514298,bert-base-uncased
A brass knuckle is a,weapon.,brass knuckle,weapon,21,"(-2.509115219116211, -1.2545576095581055, [-2.4560699462890625, -0.05304527282714844])",109514298,bert-base-uncased
A bullet is a,weapon.,bullet,weapon,22,"(-2.9795942306518555, -1.4897971153259277, [-2.892045021057129, -0.08754920959472656])",109514298,bert-base-uncased
A tomahawk is a,weapon.,tomahawk,weapon,23,"(-1.9963207244873047, -0.9981603622436523, [-1.9271621704101562, -0.06915855407714844])",109514298,bert-base-uncased
A mortar is a,weapon.,mortar,weapon,24,"(-7.148555278778076, -3.574277639389038, [-7.0495429039001465, -0.09901237487792969])",109514298,bert-base-uncased
An arrow is a,weapon.,arrow,weapon,25,"(-2.109891891479492, -1.054945945739746, [-2.011789321899414, -0.09810256958007812])",109514298,bert-base-uncased
A blackjack is a,weapon.,blackjack,weapon,26,"(-8.169466018676758, -4.084733009338379, [-8.110294342041016, -0.05917167663574219])",109514298,bert-base-uncased
A tank is a,weapon.,tank,weapon,27,"(-6.18293571472168, -3.09146785736084, [-6.110876083374023, -0.07205963134765625])",109514298,bert-base-uncased
Teargas is a,weapon.,teargas,weapon,28,"(-10.214825630187988, -5.107412815093994, [-10.059569358825684, -0.1552562713623047])",109514298,bert-base-uncased
A missile is a,weapon.,missile,weapon,29,"(-1.471663475036621, -0.7358317375183105, [-1.3763513565063477, -0.09531211853027344])",109514298,bert-base-uncased
A whip is a,weapon.,whip,weapon,30,"(-4.323115348815918, -2.161557674407959, [-4.226506233215332, -0.09660911560058594])",109514298,bert-base-uncased
An ice pick is a,weapon.,ice pick,weapon,31,"(-3.6441144943237305, -1.8220572471618652, [-3.5830183029174805, -0.06109619140625])",109514298,bert-base-uncased
A hatchet is a,weapon.,hatchet,weapon,32,"(-2.872882843017578, -1.436441421508789, [-2.8002147674560547, -0.07266807556152344])",109514298,bert-base-uncased
A slingshot is a,weapon.,slingshot,weapon,33,"(-1.4121103286743164, -0.7060551643371582, [-1.3440160751342773, -0.06809425354003906])",109514298,bert-base-uncased
A fist is a,weapon.,fist,weapon,34,"(-2.3763246536254883, -1.1881623268127441, [-2.2629194259643555, -0.11340522766113281])",109514298,bert-base-uncased
An axe is a,weapon.,axe,weapon,35,"(-0.6766195297241211, -0.33830976486206055, [-0.5776510238647461, -0.098968505859375])",109514298,bert-base-uncased
A bow is a,weapon.,bow,weapon,36,"(-2.735504150390625, -1.3677520751953125, [-2.64874267578125, -0.086761474609375])",109514298,bert-base-uncased
A razor is a,weapon.,razor,weapon,37,"(-4.431465148925781, -2.2157325744628906, [-4.338884353637695, -0.09258079528808594])",109514298,bert-base-uncased
A razor blade is a,weapon.,razor blade,weapon,38,"(-3.339662551879883, -1.6698312759399414, [-3.264892578125, -0.07476997375488281])",109514298,bert-base-uncased
A rocket is a,weapon.,rocket,weapon,39,"(-3.7861862182617188, -1.8930931091308594, [-3.716794967651367, -0.06939125061035156])",109514298,bert-base-uncased
A judo is a,weapon.,judo,weapon,40,"(-4.437602996826172, -2.218801498413086, [-4.331033706665039, -0.10656929016113281])",109514298,bert-base-uncased
A stick is a,weapon.,stick,weapon,41,"(-2.509036064147949, -1.2545180320739746, [-2.399958610534668, -0.10907745361328125])",109514298,bert-base-uncased
A poison is a,weapon.,poison,weapon,42,"(-3.588536262512207, -1.7942681312561035, [-3.502711296081543, -0.08582496643066406])",109514298,bert-base-uncased
A rock is a,weapon.,rock,weapon,43,"(-7.183525085449219, -3.5917625427246094, [-7.095279693603516, -0.08824539184570312])",109514298,bert-base-uncased
A stone is a,weapon.,stone,weapon,44,"(-6.59650182723999, -3.298250913619995, [-6.5077223777771, -0.08877944946289062])",109514298,bert-base-uncased
Gas is a,weapon.,gas,weapon,45,"(-5.204514026641846, -2.602257013320923, [-5.0530171394348145, -0.15149688720703125])",109514298,bert-base-uncased
A chain is a,weapon.,chain,weapon,46,"(-7.557462215423584, -3.778731107711792, [-7.48018217086792, -0.07728004455566406])",109514298,bert-base-uncased
A scissor is a,weapon.,scissor,weapon,47,"(-3.941225051879883, -1.9706125259399414, [-3.8529396057128906, -0.08828544616699219])",109514298,bert-base-uncased
A brick is a,weapon.,brick,weapon,48,"(-6.353000640869141, -3.1765003204345703, [-6.243099212646484, -0.10990142822265625])",109514298,bert-base-uncased
A pitchfork is a,weapon.,pitchfork,weapon,49,"(-4.787958145141602, -2.393979072570801, [-4.698251724243164, -0.0897064208984375])",109514298,bert-base-uncased
A hammer is a,weapon.,hammer,weapon,50,"(-2.7713632583618164, -1.3856816291809082, [-2.6789960861206055, -0.09236717224121094])",109514298,bert-base-uncased
A word is a,weapon.,word,weapon,51,"(-7.077475547790527, -3.5387377738952637, [-7.020451545715332, -0.05702400207519531])",109514298,bert-base-uncased
A hand is a,weapon.,hand,weapon,52,"(-3.855808734893799, -1.9279043674468994, [-3.7618680000305176, -0.09394073486328125])",109514298,bert-base-uncased
A pipe is a,weapon.,pipe,weapon,53,"(-6.832336902618408, -3.416168451309204, [-6.731522083282471, -0.1008148193359375])",109514298,bert-base-uncased
A rope is a,weapon.,rope,weapon,54,"(-7.1818342208862305, -3.5909171104431152, [-7.098254203796387, -0.08358001708984375])",109514298,bert-base-uncased
An airplane is a,weapon.,airplane,weapon,55,"(-5.201968669891357, -2.6009843349456787, [-5.1380534172058105, -0.06391525268554688])",109514298,bert-base-uncased
A foot is a,weapon.,foot,weapon,56,"(-5.943849563598633, -2.9719247817993164, [-5.815410614013672, -0.12843894958496094])",109514298,bert-base-uncased
A car is a,weapon.,car,weapon,57,"(-6.531406402587891, -3.2657032012939453, [-6.442255020141602, -0.08915138244628906])",109514298,bert-base-uncased
A screwdriver is a,weapon.,screwdriver,weapon,58,"(-4.522031784057617, -2.2610158920288086, [-4.462471008300781, -0.05956077575683594])",109514298,bert-base-uncased
Glass is a,weapon.,glass,weapon,59,"(-4.977529048919678, -2.488764524459839, [-4.824203014373779, -0.15332603454589844])",109514298,bert-base-uncased
A shoe is a,weapon.,shoe,weapon,60,"(-6.29292631149292, -3.14646315574646, [-6.190852642059326, -0.10207366943359375])",109514298,bert-base-uncased
